Player,Tm,MP,PTS,TRB,AST,STL,BLK,FG_perc,3pt_perc,FT_perc,WS,VORP,BPM,All_NBA,All_Star
George Gervin,SAS,37.6,33.1,5.2,2.6,1.4,1,0.528,0.314,0.852,10.6,3.1,2.2,1,1
Eddie Johnson,ATL,33.2,18.5,2.5,4.7,1.5,0.3,0.487,0.385,0.828,8.2,2.8,2.2,0,1
Moses Malone,HOU,38.3,25.8,14.5,1.8,1,1.3,0.502,0,0.719,11.9,3.8,2.8,1,1
Julius Erving,PHI,36.1,26.9,7.4,4.6,2.2,1.8,0.519,0.2,0.787,12.5,6.5,7.2,1,1
John Drew,ATL,28.8,19.5,5.9,1.3,1.1,0.3,0.453,0,0.757,6.4,0.8,-0.7,0,1
Elvin Hayes,WSB,39.3,23,11.1,1.6,0.8,2.3,0.454,0.231,0.699,6.2,1.3,-0.4,0,1
Dan Roundfield,ATL,32,16.5,10.3,2.3,1.2,1.7,0.499,0,0.71,9.1,4.3,4.6,1,1
Larry Bird,BOS,36,21.3,10.4,4.5,1.7,0.6,0.474,0.406,0.836,11.2,5.4,5.3,1,1
Tiny Archibald,BOS,35.8,14.1,2.5,8.4,1.3,0.1,0.482,0.222,0.83,8.9,1.5,0,0,1
Bill Cartwright,NYK,38.4,21.7,8.9,2,0.6,1.2,0.547,0,0.797,9.7,2.1,0.6,0,1
Micheal Ray Richardson,NYK,37.3,15.3,6.6,10.1,3.2,0.4,0.472,0.245,0.66,6,4.4,3.7,0,1
Marques Johnson,MIL,34.9,21.7,7.4,3.5,1.3,0.9,0.544,0.222,0.791,11.5,4.8,5.1,1,1
Adrian Dantley,UTA,39.3,28,7.6,2.8,1.4,0.2,0.576,0,0.842,10.5,3.8,3.6,0,1
Kareem Abdul-Jabbar,LAL,38.3,24.8,10.8,4.5,1,3.4,0.604,0,0.765,14.8,6.8,6.7,1,1
Magic Johnson,LAL,36.3,18,7.7,7.3,2.4,0.5,0.53,0.226,0.81,10.5,5.3,5.5,0,1
World B. Free,SDC,38,30.2,3.5,4.2,1.2,0.5,0.474,0.36,0.753,8,1.9,1,0,1
Jack Sikma,SEA,34.1,14.3,11.1,3.4,0.8,0.9,0.475,0,0.805,8.6,2.8,1.9,0,1
Paul Westphal,PHO,32.5,21.9,2.3,5.1,1.5,0.4,0.525,0.28,0.862,10.5,2.9,2.4,1,1
Walter Davis,PHO,30.8,21.5,3.6,4.5,1.5,0.3,0.563,0,0.819,8.3,3.1,3.3,0,1
Dennis Johnson,SEA,36.3,19,5.1,4.1,1.8,1,0.422,0.207,0.78,7.4,2.8,1.7,1,1
Kermit Washington,POR,33.2,13.4,10.5,2.1,0.9,1.6,0.553,0,0.642,9.1,3.9,3.8,0,1
Otis Birdsong,KCK,35.2,22.7,4,2.5,1.7,0.3,0.505,0.278,0.694,8.6,3.1,2.2,0,1
Gus Williams,SEA,36.2,22.1,3.4,4.8,2.4,0.5,0.482,0.194,0.788,11.6,4.5,4.1,1,0
Julius Erving,PHI,35,24.6,8,4.4,2.1,1.8,0.521,0.222,0.787,13.8,7.2,8,1,1
Eddie Johnson,ATL,35.9,19.1,2.4,5.4,1.7,0.1,0.504,0.3,0.784,6.9,2,1,0,1
Artis Gilmore,CHI,34.5,17.9,10.1,2.1,0.6,2.4,0.67,0,0.705,12.3,4.9,4.9,0,1
Reggie Theus,CHI,34.4,18.9,3.5,5.2,1.5,0.2,0.495,0.2,0.809,9.2,3,2.1,0,1
Larry Bird,BOS,39.5,21.2,10.9,5.5,2,0.8,0.478,0.27,0.863,10.8,5.8,5.1,1,1
Robert Parish,BOS,28,18.9,9.5,1.8,1,2.6,0.545,0,0.71,10.9,4,5,0,1
Tiny Archibald,BOS,35.3,13.8,2.2,7.7,0.9,0.2,0.499,0,0.816,6.9,0.5,-1.3,1,1
Micheal Ray Richardson,NYK,40.2,16.4,6.9,7.9,2.9,0.4,0.469,0.225,0.663,6.9,5.2,4.5,0,1
Marques Johnson,MIL,33.4,20.3,6.8,4.6,1.5,0.5,0.552,0,0.706,11.2,5.1,5.9,1,1
Bobby Jones,PHI,25.3,13.5,5.4,2.8,1.2,0.9,0.539,0,0.813,9.2,3.6,5,0,1
Mike Mitchell,CLE,39,24.5,6.1,1.7,0.8,0.6,0.476,0.444,0.784,6,0.4,-1.5,0,1
Paul Westphal,SEA,29.9,16.7,1.9,4.1,1.3,0.4,0.442,0.24,0.832,2.4,0.2,-1.2,0,1
George Gervin,SAS,33.7,27.1,5.1,3.2,1.1,0.7,0.492,0.257,0.826,10.5,2.5,1.6,1,1
Kareem Abdul-Jabbar,LAL,37.2,26.2,10.3,3.4,0.7,2.9,0.574,0,0.766,14.3,5.4,5.3,1,1
Walter Davis,PHO,28,18,2.6,3.9,1.2,0.2,0.539,0.412,0.836,7.1,1.6,0.9,0,1
Adrian Dantley,UTA,42.7,30.7,6.4,4,1.4,0.2,0.559,0.286,0.806,13.6,5.7,4.6,1,1
Jamaal Wilkes,LAL,37.4,22.6,5.4,2.9,1.5,0.4,0.526,0.077,0.758,8.5,2.2,0.8,0,1
Dennis Johnson,PHO,33.1,18.8,4.6,3.7,1.7,0.8,0.436,0.216,0.82,8.4,2.6,2,1,1
Moses Malone,HOU,40.6,27.8,14.8,1.8,1,1.9,0.522,0.333,0.757,13.7,4.7,3.7,1,1
Truck Robinson,PHO,37.7,18.8,9.6,2.5,0.8,0.5,0.505,0,0.629,7.6,1.5,0,0,1
Jack Sikma,SEA,35.6,18.7,10.4,3,1,1.1,0.454,0,0.823,8,2.6,1.5,0,1
Otis Birdsong,KCK,36.5,24.6,3.6,3.3,1.3,0.3,0.544,0.286,0.697,8.2,2.8,2.4,1,1
Julius Erving,PHI,34.4,24.4,6.9,3.9,2,1.7,0.546,0.273,0.763,13.3,6.9,7.8,1,1
Larry Bird,BOS,38,22.9,10.9,5.8,1.9,0.9,0.503,0.212,0.863,12.5,7,7.5,1,1
Tiny Archibald,BOS,31.9,12.6,1.7,8,0.8,0,0.472,0.375,0.747,5.2,-0.2,-2.5,0,1
Isiah Thomas,DET,33.8,17,2.9,7.8,2.1,0.2,0.424,0.288,0.704,2.3,0.6,-1,0,1
Artis Gilmore,CHI,34.1,18.5,10.2,1.7,0.6,2.7,0.652,1,0.768,12.1,4.6,4.5,0,1
Sidney Moncrief,MIL,37.3,19.8,6.7,4.8,1.7,0.3,0.523,0.071,0.817,13.4,5.6,5.5,1,1
Buck Williams,NJN,34.5,15.5,12.3,1.3,1,1,0.582,0,0.624,8.9,2.7,1.8,0,1
Robert Parish,BOS,31.7,19.9,10.8,1.8,0.9,2.4,0.542,0,0.71,10,3.7,3.8,1,1
Micheal Ray Richardson,NYK,37.1,17.9,6.9,7,2.6,0.5,0.461,0.188,0.7,5.5,4.6,4.1,0,1
Kelly Tripucka,DET,37.5,21.6,5.4,3.3,1.1,0.2,0.496,0.227,0.797,7.5,2.5,1.2,0,1
Bobby Jones,PHI,28.7,14.4,5.2,2.5,1.3,1.5,0.564,0,0.79,8.2,3.4,4.2,0,1
Bob Lanier,MIL,26.8,13.5,5.2,3,1,0.8,0.558,0,0.752,6.6,2.1,2.2,0,1
George Gervin,SAS,35.7,32.3,5,2.4,1,0.6,0.5,0.278,0.864,10.7,2.6,1.7,1,1
Gus Williams,SEA,36,23.4,3.1,6.9,2.2,0.5,0.486,0.225,0.734,10.2,4.5,4.2,1,1
Kareem Abdul-Jabbar,LAL,35.2,23.9,8.7,3,0.8,2.7,0.579,0,0.706,10.7,4.2,4.3,0,1
Adrian Dantley,UTA,39.8,30.3,6.3,4,1.2,0.2,0.57,0.333,0.792,12.6,5.3,4.6,0,1
Lonnie Shelton,SEA,32.9,14.9,6.3,3.1,1.2,0.5,0.486,0,0.783,5.8,2.2,1.2,0,1
Magic Johnson,LAL,38.3,18.6,9.6,9.5,2.7,0.4,0.537,0.207,0.76,12.9,7.8,8.3,1,1
Jack Sikma,SEA,37.2,19.6,12.7,3.4,1.2,1.3,0.479,0.154,0.855,12.6,4.7,4.1,0,1
Moses Malone,HOU,42,31.1,14.7,1.8,0.9,1.5,0.519,0,0.762,15.4,5.4,4.3,1,1
Norm Nixon,LAL,36.9,17.6,2.1,8,1.6,0.1,0.493,0.25,0.808,6.6,0.4,-1.4,0,1
Dennis Johnson,PHO,36.7,19.5,5.1,4.6,1.3,0.7,0.47,0.19,0.806,8.1,2.7,1.7,0,1
Bernard King,GSW,36.2,23.2,5.9,3.6,1,0.3,0.566,0.2,0.705,8.7,3.4,2.7,1,1
Alex English,DEN,36.8,25.4,6.8,5.3,1.1,1.5,0.551,0,0.84,9.5,4.6,4.1,1,1
Isiah Thomas,DET,38.2,22.9,4,7.8,2.5,0.4,0.472,0.288,0.71,7.4,3.4,2.4,1,1
Larry Bird,BOS,37.7,23.6,11,5.8,1.9,0.9,0.504,0.286,0.84,14,7.2,7.6,1,1
Julius Erving,PHI,33.6,21.4,6.8,3.7,1.6,1.8,0.517,0.286,0.759,10.9,5.1,6.3,1,1
Moses Malone,PHI,37.5,24.5,15.3,1.3,1.1,2,0.501,0,0.761,15.1,4,3.4,1,1
Maurice Cheeks,PHI,31.2,12.5,2.6,6.9,2.3,0.4,0.542,0.167,0.754,9.4,3.6,3.8,0,1
Sidney Moncrief,MIL,35.7,22.5,5.8,3.9,1.5,0.3,0.524,0.1,0.826,13.2,5.3,5.7,1,1
Marques Johnson,MIL,35.7,21.4,7,4.5,1.3,0.7,0.509,0.2,0.735,10.7,4.9,4.8,0,1
Buck Williams,NJN,36.1,17,12.5,1.5,1.1,1.3,0.588,0,0.62,11.4,3.9,3.3,1,1
Robert Parish,BOS,31.5,19.3,10.6,1.8,1,1.9,0.55,0,0.698,10.8,3.7,4,0,1
Andrew Toney,PHI,30.5,19.7,2.8,4.5,1,0.2,0.501,0.289,0.788,7.3,1.6,0.6,0,1
Reggie Theus,CHI,34.8,23.8,3.7,5.9,1.7,0.2,0.478,0.231,0.801,6.5,2.4,1.4,0,1
Bill Laimbeer,DET,35,13.6,12.1,3.2,0.6,1.4,0.497,0.154,0.79,8.5,3.1,2.3,0,1
Magic Johnson,LAL,36.8,16.8,8.6,10.5,2.2,0.6,0.548,0,0.8,12.5,6.9,7.4,1,1
Kareem Abdul-Jabbar,LAL,32.3,21.8,7.5,2.5,0.8,2.2,0.588,0,0.749,10.9,3.8,3.8,1,1
Maurice Lucas,PHO,33.6,16.5,10.4,2.8,0.7,0.6,0.474,0.333,0.781,7.1,1.6,0.4,0,1
Alex English,DEN,36.4,28.4,7.3,4.8,1.4,1.5,0.516,0.167,0.829,10.3,5,4.7,1,1
David Thompson,SEA,28.7,15.9,3.6,3,0.6,0.4,0.481,0.2,0.784,5.4,1,-0.2,0,1
Jim Paxson,POR,33.8,21.7,2.1,2.9,1.7,0.2,0.515,0.16,0.812,10.2,2.6,1.8,0,1
Jack Sikma,SEA,34.2,18.2,11.4,3.1,1.2,0.9,0.464,0,0.837,9.8,3.4,3.2,0,1
Artis Gilmore,SAS,34.1,18,12,1.5,0.5,2.3,0.626,0,0.74,11,4,3.6,0,1
Jamaal Wilkes,LAL,31.9,19.6,4.3,2.3,0.8,0.2,0.53,0,0.757,7.4,1.1,-0.3,0,1
Gus Williams,SEA,34.5,20,2.6,8,2.3,0.3,0.477,0.047,0.751,8.5,3.3,2.7,0,1
George Gervin,SAS,36.3,26.2,4.6,3.4,1.1,0.9,0.487,0.364,0.853,9.4,2.2,1.1,1,1
Kiki Vandeweghe,DEN,35.5,26.7,5.3,2.5,0.8,0.5,0.547,0.294,0.875,11,2.7,1.6,0,1
Isiah Thomas,DET,36.7,21.3,4,11.1,2.5,0.4,0.462,0.338,0.733,9.1,4.7,4.3,1,1
Julius Erving,PHI,34.8,22.4,6.9,4,1.8,1.8,0.512,0.333,0.754,10.1,5.3,5.9,1,1
Larry Bird,BOS,38.3,24.2,10.1,6.6,1.8,0.9,0.492,0.247,0.888,13.6,7.4,7.8,1,1
Robert Parish,BOS,35.8,19,10.7,1.7,0.7,1.5,0.546,0,0.745,10.5,2.9,2.1,0,1
Sidney Moncrief,MIL,38.9,20.9,6.7,4.5,1.4,0.3,0.498,0.278,0.848,12.7,5.3,4.8,1,1
Bernard King,NYK,34.6,26.3,5.1,2.1,1,0.2,0.572,0,0.779,12.1,3.7,3.6,1,1
Andrew Toney,PHI,32.8,20.4,2.5,4.8,0.9,0.3,0.527,0.316,0.839,6.4,1.1,-0.2,0,1
Bill Laimbeer,DET,34.9,17.3,12.2,1.8,0.6,1,0.53,0,0.866,10.8,3.2,2.4,0,1
Jeff Ruland,WSB,41.1,22.2,12.3,3.9,0.9,1,0.579,0.143,0.733,9.3,4.9,4.3,0,1
Otis Birdsong,NJN,31.4,19.8,2.5,3.9,1.2,0.2,0.508,0.25,0.608,4.5,1,-0.1,0,1
Kevin McHale,BOS,31.4,18.4,7.4,1.3,0.3,1.5,0.556,0.333,0.765,10.5,2.4,1.6,0,1
Kelly Tripucka,DET,32.8,21.3,4,3,0.9,0.2,0.459,0.118,0.815,5.7,0.8,-0.8,0,1
Kareem Abdul-Jabbar,LAL,32.8,21.5,7.3,2.6,0.7,1.8,0.578,0,0.723,8.9,3.2,2.8,1,1
Magic Johnson,LAL,38.3,17.6,7.3,13.1,2.2,0.7,0.565,0.207,0.81,10.2,5.2,6.1,1,1
George Gervin,SAS,34,25.9,4.1,2.9,1,0.6,0.49,0.417,0.842,5.5,1.1,-0.4,0,1
Alex English,DEN,35,26.4,5.7,5,1,1.2,0.529,0.143,0.824,8.2,3.9,3.3,0,1
Adrian Dantley,UTA,37.8,30.6,5.7,3.9,0.8,0.1,0.558,0.25,0.859,14.6,4.8,4.4,1,1
Jack Sikma,SEA,36.5,19.1,11.1,4,1.2,1.1,0.499,0,0.856,9.7,4.5,4,0,1
Kiki Vandeweghe,DEN,35.1,29.4,4.8,3.1,0.7,0.6,0.558,0.367,0.852,10.3,2.7,1.9,0,1
Rickey Green,UTA,34.2,13.2,2.8,9.2,2.7,0.2,0.486,0.118,0.821,7.9,2.4,1.4,0,1
Ralph Sampson,HOU,32.8,21,11.1,2,0.9,2.4,0.523,0.25,0.661,6,2.3,1.4,0,1
Walter Davis,PHO,32.6,20,2.6,5.5,1.4,0.2,0.512,0.23,0.863,6.2,1.6,0.5,0,1
Jim Paxson,POR,33.2,21.3,2.1,3.1,1.5,0.1,0.514,0.288,0.841,9.5,2.1,1.1,1,1
Mark Aguirre,DAL,36.7,29.5,5.9,4.5,1,0.3,0.524,0.268,0.749,9,3.9,3.3,0,1
Moses Malone,PHI,36.8,22.7,13.4,1.4,1,1.5,0.483,0,0.75,9.5,1.8,0.7,1,1
Magic Johnson,LAL,36.1,18.3,6.2,12.6,1.5,0.3,0.561,0.189,0.843,12.7,5.2,5.4,1,1
Ralph Sampson,HOU,37.6,22.1,10.4,2.7,1,2,0.502,0,0.676,6.2,2.1,0.8,1,1
George Gervin,SAS,29,21.2,3.3,2.5,0.9,0.7,0.508,0,0.844,4.6,0.4,-1.3,0,1
Kareem Abdul-Jabbar,LAL,33.3,22,7.9,3.2,0.8,2.1,0.599,0,0.732,11.2,4.6,4.9,1,1
Adrian Dantley,UTA,35.8,26.6,5.9,3.4,1,0.1,0.531,0,0.804,8,3,3.9,0,1
Rolando Blackman,DAL,35,19.7,3.7,3.6,0.8,0.2,0.508,0.3,0.828,7.3,1.9,0.6,0,1
Norm Nixon,LAC,35.7,17.2,2.7,8.8,1.2,0,0.465,0.333,0.78,3.7,0.5,-1.3,0,1
Larry Nance,PHO,36.1,19.9,8.8,2.6,1.4,1.7,0.587,0.5,0.709,7.9,4,5.2,0,1
Hakeem Olajuwon,HOU,35.5,20.6,11.9,1.4,1.2,2.7,0.538,0,0.613,10.2,4,3.4,0,1
Alex English,DEN,36.1,27.9,5.7,4.2,1.2,0.6,0.518,0.2,0.829,8.9,3.2,2.4,0,1
Jack Sikma,SEA,35.3,18.5,10.6,4.2,1.2,1.3,0.489,0.2,0.852,8.3,4,4.5,0,1
Calvin Natt,DEN,34.1,23.3,7.8,3.1,1,0.4,0.546,0,0.793,10.2,3.1,2.7,0,1
Moses Malone,PHI,37.4,24.6,13.1,1.6,0.8,1.6,0.469,0,0.815,11.9,2.6,1.5,1,1
Larry Bird,BOS,39.5,28.7,10.5,6.6,1.6,1.2,0.522,0.427,0.882,15.7,8.4,8.5,1,1
Isiah Thomas,DET,38.1,21.2,4.5,13.9,2.3,0.3,0.458,0.257,0.809,11.2,5.6,5.2,1,1
Julius Erving,PHI,32.5,20,5.3,3,1.7,1.4,0.494,0.214,0.765,7.6,3.3,3.2,0,1
Michael Jordan,CHI,38.3,28.2,6.5,5.9,2.4,0.8,0.515,0.173,0.845,14,8.1,8.2,1,1
Bernard King,NYK,37.5,32.9,5.8,3.7,1.3,0.3,0.53,0.1,0.772,7.1,3.3,4.3,1,1
Sidney Moncrief,MIL,37.5,21.7,5.4,5.2,1.6,0.5,0.483,0.273,0.828,11.2,4.6,4.7,1,1
Terry Cummings,MIL,34.5,23.6,9.1,2.9,1.5,0.8,0.495,0,0.741,10.7,4,3.8,1,1
Micheal Ray Richardson,NJN,38.1,20.1,5.6,8.2,3,0.3,0.469,0.252,0.767,8.7,5.6,5.1,0,1
Dennis Johnson,BOS,37.2,15.7,4,6.8,1.2,0.5,0.462,0.269,0.853,6.4,1.7,0.2,0,1
Bill Laimbeer,DET,35.3,17.5,12.4,1.9,0.8,0.9,0.506,0.222,0.797,9.8,2.9,1.9,0,1
Robert Parish,BOS,36.1,17.6,10.6,1.6,0.7,1.3,0.542,0,0.743,9,2.2,1,0,1
Isiah Thomas,DET,36.2,20.9,3.6,10.8,2.2,0.3,0.488,0.31,0.79,8.8,4.3,4,1,1
Larry Bird,BOS,38,25.8,9.8,6.8,2,0.6,0.496,0.423,0.896,15.8,8.7,9.1,1,1
Moses Malone,PHI,36.6,23.8,11.8,1.2,0.9,1,0.458,0,0.787,8.9,0.8,-0.8,0,1
Sidney Moncrief,MIL,35.2,20.2,4.6,4.9,1.4,0.2,0.489,0.32,0.859,11.7,4.6,5.1,1,1
Julius Erving,PHI,33.4,18.1,5,3.4,1.5,1.1,0.48,0.281,0.785,5.9,2.8,2.4,0,1
Buck Williams,NJN,37.4,15.9,12,1.6,0.9,1.2,0.523,0,0.676,6.8,2.2,0.8,0,1
Kevin McHale,BOS,35.3,21.3,8.1,2.7,0.4,2,0.574,0,0.776,11,4,4.6,0,1
Dominique Wilkins,ATL,39.1,30.3,7.9,2.6,1.8,0.6,0.468,0.186,0.818,10.8,4.3,3.6,1,1
Maurice Cheeks,PHI,39.9,15.4,2.9,9.2,2.5,0.3,0.537,0.235,0.842,10.6,3.6,2.3,0,1
Jeff Malone,WSB,37.4,22.4,3.6,2.4,0.9,0.2,0.483,0.176,0.868,6.1,0.5,-1.4,0,1
Robert Parish,BOS,31.7,16.1,9.5,1.8,0.8,1.4,0.549,0,0.731,9.2,3,2.6,0,1
Kareem Abdul-Jabbar,LAL,33.3,23.4,6.1,3.5,0.8,1.6,0.564,0,0.765,10.8,4.3,4.5,1,1
James Worthy,LAL,32.7,20,5.2,2.7,1.1,1,0.579,0,0.771,9.5,3.7,4.1,0,1
Magic Johnson,LAL,35.8,18.8,5.9,12.6,1.6,0.2,0.526,0.233,0.871,12.1,5.2,5.9,1,1
Ralph Sampson,HOU,36.3,18.9,11.1,3.6,1.3,1.6,0.488,0.133,0.641,5,2.5,1.5,0,1
Alvin Robertson,SAS,35.1,17,6.3,5.5,3.7,0.5,0.514,0.276,0.795,8.6,6.2,6.6,1,1
Rolando Blackman,DAL,34,21.5,3.5,3.3,1,0.3,0.514,0.138,0.836,7,1.6,0.3,0,1
Adrian Dantley,UTA,36.1,29.8,5.2,3.5,0.8,0.1,0.563,0.091,0.791,12.8,4.8,4.9,0,1
Alex English,DEN,37.3,29.8,5,4,0.9,0.4,0.504,0.2,0.862,9.8,3.2,2.1,1,1
Clyde Drexler,POR,34.3,18.5,5.6,8,2.6,0.6,0.475,0.2,0.769,6.7,4.6,5.1,1,1
Hakeem Olajuwon,HOU,36.3,23.5,11.5,2,2,3.4,0.526,0,0.645,9.5,4.6,5.3,0,1
Artis Gilmore,SAS,33.7,16.7,8.5,1.4,0.5,1.5,0.618,0,0.701,7.1,2.1,1.4,0,1
Marques Johnson,LAC,34.7,20.3,5.5,3.8,1.4,0.7,0.51,0.067,0.76,5.9,2.7,2.1,0,1
Charles Barkley,PHI,36.9,20,12.8,3.9,2.2,1.6,0.572,0.227,0.685,10.8,7.3,7.9,1,0
Magic Johnson,LAL,36.3,23.9,6.3,12.2,1.7,0.5,0.522,0.205,0.848,15.9,7.4,8.1,1,1
Tom Chambers,SEA,36.8,23.3,6.6,3,1,0.6,0.456,0.372,0.849,7.4,1.9,0.5,0,1
James Worthy,LAL,34.4,19.4,5.7,2.8,1.3,1,0.539,0,0.751,9.3,3.1,2.3,0,1
Hakeem Olajuwon,HOU,36.8,23.4,11.4,2.9,1.9,3.4,0.508,0.2,0.702,10.9,6,6.6,1,1
Alvin Robertson,SAS,33.3,17.7,5.2,5.2,3.2,0.4,0.466,0.271,0.753,5.3,4,3.9,0,1
Kareem Abdul-Jabbar,LAL,31.3,17.5,6.7,2.6,0.6,1.2,0.564,0.333,0.714,7.5,2.2,1.6,0,1
Rolando Blackman,DAL,34.5,21,3.5,3.3,0.8,0.3,0.495,0.333,0.884,8,1.8,0.6,0,1
Sleepy Floyd,GSW,37.4,18.8,3.3,10.3,1.8,0.2,0.488,0.384,0.86,10,3.6,2.7,0,1
Joe Barry Carroll,GSW,33.6,21.2,7.3,2.6,1.1,1.5,0.472,0,0.787,4.6,1.6,0.4,0,1
Mark Aguirre,DAL,33.3,25.7,5.3,3.2,1.1,0.4,0.495,0.353,0.77,8.9,3.2,2.8,0,1
Walter Davis,PHO,33.5,23.6,3.1,4.6,1.2,0.1,0.514,0.259,0.862,5.8,1.8,0.7,0,1
Alex English,DEN,37.6,28.6,4.2,5.1,0.9,0.3,0.503,0.267,0.844,8.1,2.3,1,0,1
Moses Malone,WSB,34.1,24.1,11.3,1.6,0.8,1.3,0.454,0,0.824,9.4,2.5,1.9,1,1
Larry Bird,BOS,40.6,28.1,9.2,7.6,1.8,0.9,0.525,0.4,0.91,15.2,8.5,9.2,1,1
Julius Erving,PHI,32,16.8,4.4,3.2,1.3,1.6,0.471,0.264,0.813,3.5,1.4,0.9,0,1
Michael Jordan,CHI,40,37.1,5.2,4.6,2.9,1.5,0.482,0.182,0.857,16.9,8.8,8.6,1,1
Dominique Wilkins,ATL,37.6,29,6.3,3.3,1.5,0.6,0.463,0.292,0.818,12.2,5.2,4.9,1,1
Kevin McHale,BOS,39.7,26.1,9.9,2.6,0.5,2.2,0.604,0,0.836,14.8,5.6,5.2,1,1
Isiah Thomas,DET,37.2,20.6,3.9,10,1.9,0.2,0.463,0.194,0.768,7.6,3.8,3,1,1
Charles Barkley,PHI,40.3,23,14.6,4.9,1.8,1.5,0.594,0.202,0.761,12,7.8,9.2,1,1
Jeff Malone,WSB,34.5,22,2.7,3.7,0.9,0.2,0.457,0.154,0.885,5.6,0.8,-0.9,0,1
Bill Laimbeer,DET,34.8,15.4,11.6,1.8,0.9,0.8,0.501,0.286,0.894,10.5,3.3,2.6,0,1
Robert Parish,BOS,37.4,17.5,10.6,2.2,0.8,1.8,0.556,0,0.735,9.2,3.3,2.3,0,1
Maurice Cheeks,PHI,38.6,15.6,3.2,7.9,2.6,0.2,0.527,0.235,0.777,7.9,2.7,2.1,0,1
Fat Lever,DEN,37.2,18.9,8.9,8,2.5,0.4,0.469,0.239,0.782,9.7,5.9,5.6,1,0
Larry Bird,BOS,39,29.9,9.3,6.1,1.6,0.8,0.527,0.414,0.916,15,8.1,8.8,1,1
Dominique Wilkins,ATL,37.8,30.7,6.4,2.9,1.3,0.6,0.464,0.295,0.826,9.8,3.7,2.9,1,1
Michael Jordan,CHI,40.4,35,5.5,5.9,3.2,1.6,0.535,0.132,0.841,21.2,11.8,12.2,1,1
Isiah Thomas,DET,36.1,19.5,3.4,8.4,1.7,0.2,0.463,0.309,0.774,7.6,3.3,2.5,0,1
Moses Malone,WSB,34.1,20.3,11.2,1.4,0.7,0.9,0.487,0.286,0.788,9.2,2.6,1.8,0,1
Danny Ainge,BOS,37.3,15.7,3.1,6.2,1.4,0.2,0.491,0.415,0.878,8.6,3.7,2.9,0,1
Patrick Ewing,NYK,31,20.2,8.2,1.5,1.3,3,0.555,0,0.716,8.1,4.1,4.4,1,1
Doc Rivers,ATL,31.3,14.2,4.6,9.3,1.8,0.5,0.453,0.273,0.758,8.3,4.3,4.9,0,1
Brad Daugherty,CLE,37.4,18.7,8.4,4.2,0.6,0.7,0.51,0,0.716,6.6,2.5,1.3,0,1
Charles Barkley,PHI,39.6,28.3,11.9,3.2,1.3,1.3,0.587,0.28,0.751,16.7,8.7,9,1,1
Kevin McHale,BOS,37.3,22.6,8.4,2.7,0.4,1.4,0.604,0,0.797,10.2,3.7,4.1,0,1
Maurice Cheeks,PHI,36.3,13.7,3.2,8,2.1,0.3,0.495,0.136,0.825,8.3,2.7,1.8,0,1
Magic Johnson,LAL,36.6,19.6,6.2,11.9,1.6,0.2,0.492,0.196,0.853,10.9,4.9,5.3,1,1
Karl Malone,UTA,39,27.7,12,2.4,1.4,0.6,0.52,0,0.7,10.1,3.7,2.5,1,1
Fat Lever,DEN,37.3,18.9,8.1,7.8,2.7,0.3,0.473,0.211,0.785,10.4,6.2,6.1,0,1
Hakeem Olajuwon,HOU,35.8,22.8,12.1,2.1,2.1,2.7,0.514,0,0.695,10.7,5,5,1,1
Alex English,DEN,35.2,25,4.7,4.7,0.9,0.3,0.495,0,0.828,7.6,2.5,1.4,0,1
Clyde Drexler,POR,37.8,27,6.6,5.8,2.5,0.6,0.506,0.212,0.811,13.2,7.3,7.4,1,1
Kareem Abdul-Jabbar,LAL,28.9,14.6,6,1.7,0.6,1.2,0.532,0,0.762,5.3,0.8,-0.6,0,1
James Worthy,LAL,35.4,19.7,5,3.9,1,0.7,0.531,0.125,0.796,7.9,2.7,2,0,1
Xavier McDaniel,SEA,34.7,21.4,6.6,3.4,1.2,0.7,0.488,0.28,0.715,6.2,2.6,1.8,0,1
Mark Aguirre,DAL,33.9,25.1,5.6,3.6,0.9,0.7,0.475,0.302,0.77,8.8,3.4,3.1,0,1
Alvin Robertson,SAS,36.3,19.6,6.1,6.8,3,0.8,0.465,0.284,0.748,5.8,4.5,4,0,1
James Donaldson,DAL,31.1,7,9.3,0.8,0.5,1.3,0.558,0,0.778,6.2,2,1.1,0,1
John Stockton,UTA,34.7,14.7,2.9,13.8,3,0.2,0.574,0.358,0.84,14.1,4.3,3.9,1,0
John Stockton,UTA,38.7,17.1,3,13.6,3.2,0.2,0.538,0.242,0.863,15.6,5.5,4.8,1,1
Alex English,DEN,36.5,26.5,4,4.7,0.8,0.1,0.491,0.25,0.858,6.8,1.3,-0.2,0,1
Karl Malone,UTA,39.1,29.1,10.7,2.7,1.8,0.9,0.519,0.313,0.766,15.2,6.5,6.1,1,1
Dale Ellis,SEA,38.9,27.5,4.2,2,1.3,0.3,0.501,0.478,0.816,10.8,3.3,2.1,1,1
Hakeem Olajuwon,HOU,36.9,24.8,13.5,1.8,2.6,3.4,0.508,0,0.696,12.4,5.6,5.4,1,1
Clyde Drexler,POR,39.3,27.2,7.9,5.8,2.7,0.7,0.496,0.26,0.799,12.6,7.2,7.3,0,1
James Worthy,LAL,36.5,20.5,6,3.6,1.3,0.7,0.548,0.087,0.782,9.7,3.8,3.1,0,1
Tom Chambers,PHO,37.1,25.7,8.4,2.9,1.1,0.7,0.471,0.326,0.851,9.2,2.4,1.2,1,1
Chris Mullin,GSW,37.7,26.5,5.9,5.1,2.1,0.5,0.509,0.23,0.892,10.6,4.4,3.7,1,1
Kareem Abdul-Jabbar,LAL,22.9,10.1,4.5,1,0.5,1.1,0.475,0,0.739,2.9,-0.1,-2.3,0,1
Mark Eaton,UTA,35.5,6.2,10.3,1,0.5,3.8,0.462,0,0.66,6.6,3.7,3,0,1
Kevin Duckworth,POR,33.7,18.1,8,0.8,0.7,0.6,0.477,0,0.757,4.8,-1.1,-3.7,0,1
Michael Jordan,CHI,40.2,32.5,8,8,2.9,0.8,0.538,0.276,0.85,19.8,12,12.6,1,1
Isiah Thomas,DET,36.6,18.2,3.4,8.3,1.7,0.3,0.464,0.273,0.818,7,3.1,2.2,0,1
Charles Barkley,PHI,39.1,25.8,12.5,4.1,1.6,0.8,0.579,0.216,0.753,16.1,9.2,9.8,1,1
Moses Malone,ATL,35.5,20.2,11.8,1.4,1,1.2,0.491,0,0.789,10.7,3,2.1,0,1
Dominique Wilkins,ATL,37.5,26.2,6.9,2.6,1.5,0.7,0.464,0.276,0.844,10.4,3.5,2.6,1,1
Mark Price,CLE,36.4,18.9,3,8.4,1.5,0.1,0.526,0.441,0.901,11.3,3.8,3.5,1,1
Terry Cummings,MIL,35.3,22.9,8.1,2.5,1.3,0.9,0.467,0.467,0.787,7.7,2.6,1.7,1,1
Larry Nance,CLE,34.6,17.2,8,2.2,0.8,2.8,0.539,0,0.799,10.3,3.8,4,0,1
Patrick Ewing,NYK,36.2,22.7,9.3,2.4,1.5,3.5,0.567,0,0.746,10.9,4.9,4.7,1,1
Kevin McHale,BOS,36.9,22.5,8.2,2.2,0.3,1.2,0.546,0,0.818,10.1,3,2.1,0,1
Mark Jackson,NYK,34.4,16.9,4.7,8.6,1.9,0.1,0.467,0.338,0.698,7.2,3.3,3.3,0,1
Brad Daugherty,CLE,36.2,18.9,9.2,3.7,0.8,0.5,0.538,0.333,0.737,9.6,3.3,2.6,0,1
Magic Johnson,LAL,37.5,22.5,7.9,12.8,1.8,0.3,0.509,0.314,0.911,16.1,8.2,9.3,1,1
Kevin Johnson,PHO,39.2,20.4,4.2,12.2,1.7,0.3,0.505,0.091,0.882,12.2,4.5,3.5,1,0
Robert Parish,BOS,35.5,18.6,12.5,2.2,1,1.5,0.57,0,0.719,10.5,4.5,4.2,1,0
Michael Jordan,CHI,39,33.6,6.9,6.3,2.8,0.7,0.526,0.376,0.848,19,10.1,10.6,1,1
Isiah Thomas,DET,37,18.4,3.8,9.4,1.7,0.2,0.438,0.309,0.775,6.7,3.4,2.5,0,1
Patrick Ewing,NYK,38.6,28.6,10.9,2.2,1,4,0.551,0.25,0.775,13.5,5.2,4.6,1,1
Larry Bird,BOS,39.3,24.3,9.5,7.5,1.4,0.8,0.473,0.333,0.93,9.5,6.1,6.1,1,1
Charles Barkley,PHI,39.1,25.2,11.5,3.9,1.9,0.6,0.6,0.217,0.749,17.3,9.2,9.8,1,1
Robert Parish,BOS,30.3,15.7,10.1,1.3,0.5,0.9,0.58,0,0.747,7.8,2.1,1.4,0,1
Kevin McHale,BOS,33.2,20.9,8.3,2.1,0.4,1.9,0.549,0.333,0.893,11.1,3.9,3.7,0,1
Joe Dumars,DET,34.4,17.8,2.8,4.9,0.8,0,0.48,0.4,0.9,8.7,2.3,1.5,1,1
Dominique Wilkins,ATL,36.1,26.7,6.5,2.5,1.6,0.6,0.484,0.322,0.807,11.1,4.2,3.7,0,1
Reggie Miller,IND,38.9,24.6,3.6,3.8,1.3,0.2,0.514,0.414,0.868,12.1,4.6,3.8,0,1
Scottie Pippen,CHI,38.4,16.5,6.7,5.4,2.6,1.2,0.489,0.25,0.675,5.7,3.6,2.6,0,1
Dennis Rodman,DET,29,8.8,9.7,0.9,0.6,0.7,0.581,0.111,0.654,9.3,3.2,3.4,0,1
Hakeem Olajuwon,HOU,38.1,24.3,14,2.9,2.1,4.6,0.501,0.167,0.713,11.2,6.3,5.9,1,1
Magic Johnson,LAL,37.2,22.3,6.6,11.5,1.7,0.4,0.48,0.384,0.89,16.5,8.5,9.5,1,1
James Worthy,LAL,37,21.1,6,3.6,1.2,0.6,0.548,0.306,0.782,10.6,4.5,4,1,1
John Stockton,UTA,37.4,17.2,2.6,14.5,2.7,0.2,0.514,0.416,0.819,14.4,4.5,4.2,1,1
A.C. Green,LAL,33,12.9,8.7,1.1,0.8,0.6,0.478,0.283,0.751,7.7,1.6,0.4,0,1
David Robinson,SAS,36.6,24.3,12,2,1.7,3.9,0.531,0,0.732,15.1,6.4,6.5,1,1
Fat Lever,DEN,35.8,18.3,9.3,6.5,2.1,0.2,0.443,0.414,0.804,8.8,5.4,5.6,0,1
Tom Chambers,PHO,37.6,27.2,7,2.3,1.1,0.6,0.501,0.279,0.861,11.2,2.9,1.8,1,1
Rolando Blackman,DAL,36.7,19.4,3.5,3.6,1,0.3,0.498,0.302,0.844,6.8,1.9,0.5,0,1
Clyde Drexler,POR,36.8,23.3,6.9,5.9,2,0.7,0.494,0.283,0.774,11.6,6.6,7.9,1,1
Chris Mullin,GSW,36.3,25.1,5.9,4.1,1.6,0.6,0.536,0.372,0.889,10.2,4.9,4.8,1,1
Kevin Johnson,PHO,37.6,22.5,3.6,11.4,1.3,0.2,0.499,0.195,0.838,11.6,4,3.7,1,1
Karl Malone,UTA,38.1,31,11.1,2.8,1.5,0.6,0.562,0.372,0.762,15.9,6.7,6.6,1,1
Michael Jordan,CHI,37,31.5,6,5.5,2.7,1,0.539,0.312,0.851,20.3,9.8,10.8,1,1
Charles Barkley,PHI,37.3,27.6,10.1,4.2,1.6,0.5,0.57,0.284,0.722,13.4,7.4,9.9,1,1
Patrick Ewing,NYK,38.3,26.6,11.2,3,1,3.2,0.514,0,0.745,10,4.6,3.9,1,1
Bernard King,WSB,37.5,28.4,5,4.6,0.9,0.3,0.472,0.216,0.79,3.5,1.3,0.1,1,1
Joe Dumars,DET,38.1,20.4,2.3,5.5,1.1,0.1,0.481,0.311,0.89,9.9,2.9,1.8,1,1
Dominique Wilkins,ATL,38,25.9,9,3.3,1.5,0.8,0.47,0.341,0.829,11.4,5.2,4.7,1,1
Ricky Pierce,MIL,27.8,20.5,2.4,2.2,0.8,0.2,0.485,0.397,0.913,7.9,1,-0.2,0,1
Hersey Hawkins,PHI,38.9,22.1,3.9,3.7,2.2,0.5,0.472,0.4,0.871,9.8,4.3,3.5,0,1
Kevin McHale,BOS,30.4,18.4,7.1,1.9,0.4,2.1,0.553,0.405,0.829,7.9,2.3,2.5,0,1
Brad Daugherty,CLE,38.8,21.6,10.9,3.3,1,0.6,0.524,0,0.751,9,3.1,2.2,0,1
Alvin Robertson,MIL,32.1,13.6,5.7,5.5,3,0.2,0.485,0.365,0.757,7.7,5.3,6.1,0,1
Robert Parish,BOS,30.1,14.9,10.6,0.8,0.8,1.3,0.598,0,0.767,10,2.3,1.7,0,1
Karl Malone,UTA,40.3,29,11.8,3.3,1.1,1,0.527,0.286,0.77,15.5,6.5,5.8,1,1
Magic Johnson,LAL,37.1,19.4,7,12.5,1.3,0.2,0.477,0.32,0.906,15.4,7.6,8.3,1,1
Chris Mullin,GSW,40.4,25.7,5.4,4,2.1,0.8,0.536,0.301,0.884,12.2,5.4,4.5,1,1
Kevin Johnson,PHO,36,22.2,3.5,10.1,2.1,0.1,0.516,0.205,0.843,12.7,5.1,5.2,1,1
David Robinson,SAS,37.7,25.6,13,2.5,1.5,3.9,0.552,0.143,0.762,17,8.1,8.4,1,1
James Worthy,LAL,38.6,21.4,4.6,3.5,1.3,0.4,0.492,0.289,0.797,9,3.2,2.3,1,1
Clyde Drexler,POR,34.8,21.5,6.7,6,1.8,0.7,0.482,0.319,0.794,12.4,6.7,7.3,1,1
Kevin Duckworth,POR,31,15.8,6.6,1.1,0.4,0.4,0.481,0,0.772,4.3,-0.7,-3.2,0,1
Tom Chambers,PHO,32.6,19.9,6.4,2.6,0.9,0.7,0.437,0.274,0.826,5.4,0.6,-1.1,0,1
Terry Porter,POR,32.9,17,3.5,8,2,0.1,0.515,0.415,0.823,13,5.5,6.1,0,1
Tim Hardaway,GSW,39.2,22.9,4,9.7,2.6,0.1,0.476,0.385,0.803,9.9,4.9,4,0,1
John Stockton,UTA,37.8,17.2,2.9,14.2,2.9,0.2,0.507,0.345,0.836,14,5,4.4,1,1
Hakeem Olajuwon,HOU,36.8,21.2,13.8,2.3,2.2,3.9,0.508,0,0.769,8.6,4.3,6.3,1,0
Clyde Drexler,POR,36.2,25,6.6,6.7,1.8,0.9,0.47,0.337,0.794,12.8,7.2,8.4,1,1
Chris Mullin,GSW,41.3,25.6,5.6,3.5,2.1,0.8,0.524,0.366,0.833,10.8,4.6,3.5,1,1
Karl Malone,UTA,37.7,28,11.2,3,1.3,0.6,0.526,0.176,0.778,15.1,5.6,5.3,1,1
David Robinson,SAS,37.7,23.2,12.2,2.7,2.3,4.5,0.551,0.125,0.701,13.9,7.8,10,1,1
Jeff Hornacek,PHO,38,20.1,5,5.1,2,0.4,0.512,0.439,0.886,11.6,5.5,5.1,0,1
Tim Hardaway,GSW,41.1,23.4,3.8,10,2,0.2,0.461,0.338,0.766,9.2,3.9,2.6,1,1
Hakeem Olajuwon,HOU,37.7,21.6,12.1,2.2,1.8,4.3,0.502,0,0.766,9.8,4.7,5,0,1
John Stockton,UTA,36.6,15.8,3.3,13.7,3,0.3,0.482,0.407,0.842,13.4,5.3,5.1,1,1
James Worthy,LAL,39,19.9,5.6,4.7,1.4,0.4,0.447,0.209,0.814,3.1,1.5,0.7,0,1
Dan Majerle,PHO,34.8,17.3,5.9,3.3,1.6,0.5,0.478,0.382,0.756,9.8,4.4,4.1,0,1
Dikembe Mutombo,DEN,38.3,16.6,12.3,2.2,0.6,3,0.493,0,0.642,4.8,2.3,1.4,0,1
Otis Thorpe,HOU,37.3,17.3,10.5,3,0.6,0.5,0.592,0,0.657,8.9,3.5,2.5,0,1
Michael Jordan,CHI,38.8,30.1,6.4,6.1,2.3,0.9,0.519,0.27,0.832,17.7,8.3,8.6,1,1
Isiah Thomas,DET,37.4,18.5,3.2,7.2,1.5,0.2,0.446,0.291,0.772,5.8,2.1,0.8,0,1
Charles Barkley,PHI,38.4,23.1,11.1,4.1,1.8,0.6,0.552,0.234,0.695,12.3,6.9,7.4,1,1
Scottie Pippen,CHI,38.6,21,7.7,7,1.9,1.1,0.506,0.2,0.76,12.7,6.8,6.5,1,1
Patrick Ewing,NYK,38.4,24,11.2,1.9,1.1,3,0.522,0.167,0.738,13,4.8,4,1,1
Dennis Rodman,DET,40.3,9.8,18.7,2.3,0.8,0.9,0.539,0.317,0.6,12.6,5.8,4.9,1,1
Joe Dumars,DET,38.9,19.9,2.3,4.6,0.9,0.1,0.448,0.408,0.867,8.2,1.6,0,0,1
Reggie Lewis,BOS,37.4,20.8,4.8,2.3,1.5,1.3,0.503,0.238,0.851,9.1,3.4,2.4,0,1
Brad Daugherty,CLE,36.2,21.5,10.4,3.6,0.9,1.1,0.57,0,0.777,11.7,4.7,5,1,1
Mark Price,CLE,29.7,17.3,2.4,7.4,1.3,0.2,0.488,0.387,0.947,9.1,3.1,3.8,1,1
Michael Adams,WSB,35.8,18.1,4,7.6,1.9,0.1,0.393,0.324,0.869,5.3,2.6,1.7,0,1
Kevin Willis,ATL,36.6,18.3,15.5,2.1,0.9,0.7,0.483,0.162,0.804,8.8,2.2,1,1,1
Kevin Johnson,PHO,37.2,19.7,3.7,10.7,1.5,0.3,0.479,0.217,0.807,10,3.1,2.2,1,0
Karl Malone,UTA,37.8,27,11.2,3.8,1.5,1,0.552,0.2,0.74,15.4,7.6,7.6,1,1
Charles Barkley,PHO,37.6,25.6,12.2,5.1,1.6,1,0.52,0.305,0.765,14.4,7.5,8.3,1,1
John Stockton,UTA,34.9,15.1,2.9,12,2.4,0.3,0.486,0.385,0.798,10.6,3.8,3.3,1,1
David Robinson,SAS,39.2,23.4,11.7,3.7,1.5,3.2,0.501,0.176,0.732,13.2,7,6.7,1,1
Clyde Drexler,POR,34.1,19.9,6.3,5.7,1.9,0.8,0.429,0.233,0.839,6,3.4,6.1,0,1
Dan Majerle,PHO,39,16.9,4.7,3.8,1.7,0.4,0.464,0.381,0.778,9.8,4.9,4,0,1
Tim Hardaway,GSW,39.5,21.5,4,10.6,1.8,0.2,0.447,0.33,0.744,7.5,3.2,2.8,1,1
Hakeem Olajuwon,HOU,39.5,26.1,13,3.5,1.8,4.2,0.529,0,0.779,15.8,8.5,8.4,1,1
Terry Porter,POR,35.6,18.2,3.9,5.2,1.2,0.1,0.454,0.414,0.843,8.8,3.2,2.4,0,1
Danny Manning,LAC,34.9,22.8,6.6,2.6,1.4,1.3,0.509,0.267,0.802,7.9,2.9,2.1,0,1
Sean Elliott,SAS,37.2,17.2,4.6,3.8,1,0.4,0.491,0.356,0.795,6.1,2.3,1.6,0,1
Shawn Kemp,SEA,33.1,17.8,10.7,2,1.5,1.9,0.492,0,0.712,9.1,3.4,3.2,0,1
Michael Jordan,CHI,39.3,32.6,6.7,5.5,2.8,0.8,0.495,0.352,0.837,17.2,8.9,9.5,1,1
Isiah Thomas,DET,37,17.6,2.9,8.5,1.6,0.2,0.418,0.308,0.737,3.7,1.6,0.2,0,1
Scottie Pippen,CHI,38.6,18.6,7.7,6.3,2.1,0.9,0.473,0.237,0.663,8.6,5,4.3,1,1
Shaquille O'Neal,ORL,37.9,23.4,13.9,1.9,0.7,3.5,0.562,0,0.592,10.4,4.4,3.7,0,1
Larry Johnson,CHH,40.5,22.1,10.5,4.3,0.6,0.3,0.526,0.254,0.767,9.6,4.6,3.4,1,1
Patrick Ewing,NYK,37.1,24.2,12.1,1.9,0.9,2,0.503,0.143,0.719,10.6,3.2,2.2,1,1
Mark Price,CLE,31.7,18.2,2.7,8,1.2,0.1,0.484,0.416,0.948,9.8,3.1,3.2,1,1
Brad Daugherty,CLE,37.9,20.2,10.2,4.4,0.7,0.8,0.571,0.5,0.795,12.7,4.9,5.2,0,1
Dominique Wilkins,ATL,37.3,29.9,6.8,3.2,1,0.4,0.468,0.38,0.828,10.5,3.7,3.6,1,1
Joe Dumars,DET,40.2,23.5,1.9,4,1,0.1,0.466,0.375,0.864,9.1,2.6,1.4,1,1
Detlef Schrempf,IND,37.8,19.1,9.5,6,1,0.3,0.476,0.154,0.804,10.4,4.8,4.1,0,1
Larry Nance,CLE,35.8,16.5,8.7,2.9,0.7,2.6,0.549,0,0.818,10.7,4.4,4.4,0,1
Derrick Coleman,NJN,36.3,20.7,11.2,3.6,1.2,1.7,0.46,0.232,0.808,9.5,4.8,4.8,1,0
Drazen Petrovic,NJN,38,22.3,2.7,3.5,1.3,0.2,0.518,0.449,0.87,8.4,2.7,2,1,0
Scottie Pippen,CHI,38.3,22,8.7,5.6,2.9,0.8,0.491,0.32,0.66,11.2,7.2,8.3,1,1
Shaquille O'Neal,ORL,39.8,29.3,13.2,2.4,0.9,2.9,0.599,0,0.554,16.9,7.1,6.6,1,1
B.J. Armstrong,CHI,33.8,14.8,2.1,3.9,1,0.1,0.476,0.444,0.855,7.5,0.8,-0.9,0,1
Derrick Coleman,NJN,36.1,20.2,11.3,3.4,0.9,1.8,0.447,0.314,0.774,9.9,4.5,4.5,1,1
Kenny Anderson,NJN,38.2,18.8,3.9,9.6,1.9,0.2,0.417,0.303,0.818,7.5,3.2,2.1,0,1
Patrick Ewing,NYK,37.6,24.5,11.2,2.3,1.1,2.7,0.496,0.286,0.765,13.1,4.9,4.5,0,1
Mark Price,CLE,31.4,17.3,3,7.8,1.4,0.1,0.478,0.397,0.888,10,3.9,4.6,1,1
John Starks,NYK,34.9,19,3.1,5.9,1.6,0.1,0.42,0.335,0.754,5.8,2.4,2.7,0,1
Dominique Wilkins,ATL,35.6,26,6.5,2.3,1.2,0.4,0.44,0.288,0.847,8.4,1.9,0.9,1,1
Horace Grant,CHI,36.7,15.1,11,3.4,1.1,1.2,0.524,0,0.596,10,4.6,5.2,0,1
Mookie Blaylock,ATL,36,13.8,5.2,9.7,2.6,0.5,0.411,0.334,0.73,10.2,5.4,5.3,0,1
Charles Oakley,NYK,35.8,11.8,11.8,2.7,1.3,0.2,0.478,0,0.776,10.5,4.4,4,0,1
Hakeem Olajuwon,HOU,41,27.3,11.9,3.6,1.6,3.7,0.528,0.421,0.716,14.3,7.5,7,1,1
Mitch Richmond,SAC,37.1,23.4,3.7,4,1.3,0.2,0.445,0.407,0.834,6.4,2.3,1.2,1,1
Shawn Kemp,SEA,32.9,18.1,10.8,2.6,1.8,2.1,0.538,0.25,0.741,11.7,5.6,6.5,1,1
Karl Malone,UTA,40.6,25.2,11.5,4,1.5,1.5,0.497,0.25,0.694,13.4,6.9,6.3,1,1
Clyde Drexler,POR,34.3,19.2,6.5,4.9,1.4,0.5,0.428,0.324,0.777,6.8,3.5,3.9,0,1
John Stockton,UTA,36.2,15.1,3.1,12.6,2.4,0.3,0.528,0.322,0.805,13.2,4.8,4.4,1,1
David Robinson,SAS,40.5,29.8,10.7,4.8,1.7,3.3,0.507,0.345,0.749,20,10.6,10.9,1,1
Clifford Robinson,POR,34.8,20.1,6.7,1.9,1.4,1.4,0.457,0.245,0.765,7.5,1.9,0.6,0,1
Danny Manning,LAC,37.1,20.6,6.8,3.8,1.5,1.2,0.488,0.176,0.669,3.5,1.7,0.6,0,1
Gary Payton,SEA,35.1,16.5,3.3,6,2.3,0.2,0.504,0.278,0.595,9.3,3.5,2.8,1,1
Latrell Sprewell,GSW,43.1,21,4.9,4.7,2.2,0.9,0.433,0.361,0.774,8,3.6,2,1,1
Kevin Johnson,PHO,36.6,20,2.5,9.5,1.9,0.1,0.487,0.222,0.819,8.7,1.8,0.9,1,1
Charles Barkley,PHO,35.4,21.6,11.2,4.6,1.6,0.6,0.495,0.27,0.704,8.8,4.5,5.7,1,1
Hakeem Olajuwon,HOU,39.6,27.8,10.8,3.5,1.8,3.4,0.517,0.188,0.756,10.7,5.3,5.3,1,1
Charles Barkley,PHO,35,23,11.1,4.1,1.6,0.7,0.486,0.338,0.748,10.6,5.1,6.4,1,1
Shawn Kemp,SEA,32.7,18.7,10.9,1.8,1.2,1.5,0.547,0.286,0.749,10.6,3.5,3.1,1,1
Latrell Sprewell,GSW,40.2,20.6,3.7,4,1.6,0.7,0.418,0.276,0.781,2,0.7,-1.1,0,1
Dan Majerle,PHO,37.7,15.6,4.6,4.1,1.2,0.5,0.425,0.363,0.73,7.7,3.9,3,0,1
Gary Payton,SEA,36.8,20.6,3.4,7.1,2.5,0.2,0.509,0.302,0.716,11.7,5,4.5,1,1
Mitch Richmond,SAC,38.7,22.8,4.4,3.8,1.1,0.4,0.446,0.368,0.843,8,3,1.8,1,1
Dikembe Mutombo,DEN,37.8,11.5,12.5,1.4,0.5,3.9,0.556,0,0.654,8.7,4.3,3.5,0,1
Detlef Schrempf,SEA,35.2,19.2,6.2,3.8,1.1,0.4,0.523,0.514,0.839,12.9,4.7,4.5,1,1
Karl Malone,UTA,38.1,26.7,10.6,3.5,1.6,1,0.536,0.268,0.742,13.8,6.1,5.8,1,1
David Robinson,SAS,38,27.6,10.8,2.9,1.7,3.2,0.53,0.3,0.774,17.5,8.1,8.4,1,1
John Stockton,UTA,35,14.7,3.1,12.3,2.4,0.3,0.542,0.449,0.804,13.9,5.4,5.5,1,1
Anfernee Hardaway,ORL,37.7,20.9,4.4,7.2,1.7,0.3,0.512,0.349,0.769,10.7,4.5,4.2,1,1
Scottie Pippen,CHI,38.2,21.4,8.1,5.2,2.9,1.1,0.48,0.345,0.716,11.8,7.4,7.8,1,1
Shaquille O'Neal,ORL,37,29.3,11.4,2.7,0.9,2.4,0.583,0,0.533,14,5.4,5.4,1,1
Reggie Miller,IND,32.9,19.6,2.6,3,1.2,0.2,0.462,0.415,0.897,11.4,4.3,4.3,1,1
Grant Hill,DET,38.3,19.9,6.4,5,1.8,0.9,0.477,0.148,0.732,5.4,2.6,1.8,0,1
Patrick Ewing,NYK,37,23.9,11,2.7,0.9,2,0.503,0.286,0.75,9.6,3.1,2.2,0,1
Joe Dumars,DET,38,18.1,2.4,5.5,1.1,0.1,0.43,0.305,0.805,1.7,-0.4,-2.6,0,1
Larry Johnson,CHH,39.9,18.8,7.2,4.6,1,0.3,0.48,0.386,0.774,8.5,4,2.9,0,1
Alonzo Mourning,CHH,38.2,21.3,9.9,1.4,0.6,2.9,0.519,0.324,0.761,9.4,2.5,1.3,0,1
Dana Barros,PHI,40.5,20.6,3.3,7.5,1.8,0,0.49,0.464,0.899,12.7,5.3,4.3,0,1
Vin Baker,MIL,41,17.7,10.3,3.6,1,1.4,0.483,0.292,0.593,5.8,3.1,1.6,0,1
Tyrone Hill,CLE,34.2,13.8,10.9,0.8,0.8,0.6,0.504,0,0.662,6.9,0.5,-1.1,0,1
Clyde Drexler,HOU,35.9,21.8,6.3,4.8,1.8,0.6,0.461,0.36,0.824,11.7,5.9,6.5,1,0
Dennis Rodman,SAS,32,7.1,16.8,2,0.6,0.5,0.571,0,0.676,5.8,2.3,3.8,1,0
Anfernee Hardaway,ORL,36.8,21.7,4.3,7.1,2,0.5,0.513,0.314,0.767,14.4,6.4,6.4,1,1
Shaquille O'Neal,ORL,36,26.6,11,2.9,0.6,2.1,0.573,0.5,0.487,6.9,2.7,3.5,1,1
Grant Hill,DET,40.8,20.2,9.8,6.9,1.3,0.6,0.462,0.192,0.751,11.7,5.8,5.1,1,1
Scottie Pippen,CHI,36.7,19.4,6.4,5.9,1.7,0.7,0.463,0.374,0.679,12.3,6.3,6.8,1,1
Michael Jordan,CHI,37.7,30.4,6.6,4.3,2.2,0.5,0.495,0.427,0.834,20.4,8.3,8.6,1,1
Terrell Brandon,CLE,34.3,19.3,3.3,6.5,1.8,0.4,0.465,0.387,0.887,12.7,5.2,6,0,1
Reggie Miller,IND,34.5,21.1,2.8,3.3,1,0.2,0.473,0.41,0.863,10.3,3.9,3.9,1,1
Juwan Howard,WSB,40.7,22.1,8.1,4.4,0.8,0.5,0.489,0.308,0.749,5.6,1.8,0.2,1,1
Glen Rice,CHH,39.8,21.6,4.8,2.9,1.2,0.2,0.471,0.424,0.837,8.3,3,1.8,0,1
Vin Baker,MIL,40.5,21.1,9.9,2.6,0.8,1.1,0.489,0.208,0.67,6.2,2.1,0.4,0,1
Alonzo Mourning,MIA,38.2,23.2,10.4,2.3,1,2.7,0.523,0.3,0.685,9.9,4.3,4.4,0,1
Patrick Ewing,NYK,36.6,22.5,10.6,2.1,0.9,2.4,0.466,0.143,0.761,6.8,1.1,-0.4,0,1
Shawn Kemp,SEA,33.3,19.6,11.4,2.2,1.2,1.6,0.561,0.417,0.742,11.2,3.9,3.8,1,1
Jason Kidd,DAL,37.5,16.6,6.8,9.7,2.2,0.3,0.381,0.336,0.692,4.3,3.5,2.7,0,1
Clyde Drexler,HOU,38.4,19.3,7.2,5.8,2,0.5,0.433,0.332,0.784,6.7,3.4,4.7,0,1
Charles Barkley,PHO,37.1,23.2,11.6,3.7,1.6,0.8,0.5,0.28,0.777,10.5,5.2,5.9,1,1
Hakeem Olajuwon,HOU,38.8,26.9,10.9,3.6,1.6,2.9,0.514,0.214,0.724,9.7,4.7,4.6,1,1
Gary Payton,SEA,39,19.3,4.2,7.5,2.9,0.2,0.484,0.328,0.748,11.5,5.3,4.7,1,1
Mitch Richmond,SAC,36.4,23.1,3.3,3.1,1.5,0.2,0.447,0.437,0.866,9.3,3.6,2.9,1,1
David Robinson,SAS,36.8,25,12.2,3,1.4,3.3,0.516,0.333,0.761,18.3,8.5,9.2,1,1
Sean Elliott,SAS,37.7,20,5.1,2.7,0.9,0.4,0.466,0.411,0.771,7.7,2.9,2,0,1
Karl Malone,UTA,38,25.7,9.8,4.2,1.7,0.7,0.519,0.4,0.723,15.1,7.4,7.3,1,1
John Stockton,UTA,35.5,14.7,2.8,11.2,1.7,0.2,0.538,0.422,0.83,13,4.2,3.7,1,1
Dikembe Mutombo,DEN,36.7,11,11.8,1.5,0.5,4.5,0.499,0,0.695,7.6,3.6,3.2,0,1
Michael Jordan,CHI,37.9,29.6,5.9,4.3,1.7,0.5,0.486,0.374,0.833,18.3,6.8,6.7,1,1
Scottie Pippen,CHI,37.7,20.2,6.5,5.7,1.9,0.5,0.474,0.368,0.701,13.1,6.7,6.6,1,1
Anfernee Hardaway,ORL,37.6,20.5,4.5,5.6,1.6,0.6,0.447,0.318,0.82,8.1,3.8,4.7,1,1
Grant Hill,DET,39.3,21.4,9,7.3,1.8,0.6,0.496,0.303,0.711,14.6,7.9,8,1,1
Dikembe Mutombo,ATL,37.2,13.3,11.6,1.4,0.6,3.3,0.527,0,0.705,11.3,3.9,3.2,0,1
Glen Rice,CHH,42.6,26.8,4,2,0.9,0.3,0.477,0.47,0.867,10.8,2.7,1.2,1,1
Vin Baker,MIL,40.5,21,10.3,2.7,1,1.4,0.505,0.278,0.687,8.3,3.7,2.6,1,1
Christian Laettner,ATL,38.3,18.1,8.8,2.7,1.2,0.8,0.486,0.352,0.816,11.6,3.8,2.8,0,1
Terrell Brandon,CLE,36.8,19.5,3.9,6.3,1.8,0.4,0.438,0.373,0.902,10.8,4.8,4.6,0,1
Tim Hardaway,MIA,38.7,20.3,3.4,8.6,1.9,0.1,0.415,0.344,0.799,12.9,5.6,5.1,1,1
Chris Webber,WSB,39,20.1,10.3,4.6,1.7,1.9,0.518,0.397,0.565,9.3,6.1,6.6,0,1
Joe Dumars,DET,37,14.7,2.4,4,0.7,0,0.44,0.432,0.867,8.8,2.3,1.2,0,1
Gary Payton,SEA,39.2,21.8,4.6,7.1,2.4,0.2,0.476,0.313,0.715,12.9,6.2,5.6,1,1
John Stockton,UTA,35.3,14.4,2.8,10.5,2,0.2,0.548,0.422,0.846,13.6,4.3,3.9,1,1
Hakeem Olajuwon,HOU,36.6,23.2,9.2,3,1.5,2.2,0.51,0.313,0.787,9.1,3.7,3.2,1,1
Karl Malone,UTA,36.6,27.4,9.9,4.5,1.4,0.6,0.55,0,0.755,16.7,7.9,8.5,1,1
Shawn Kemp,SEA,34,18.7,10,1.9,1.5,1,0.51,0.364,0.742,10,2.8,2,0,1
Latrell Sprewell,GSW,41.9,24.2,4.6,6.3,1.7,0.6,0.449,0.354,0.843,8.1,3.9,2.6,0,1
Mitch Richmond,SAC,38.6,25.9,3.9,4.2,1.5,0.3,0.454,0.428,0.861,10.8,4.2,3.3,1,1
Detlef Schrempf,SEA,35.9,16.8,6.5,4.4,1,0.3,0.492,0.354,0.801,8,2.7,2.8,0,1
Tom Gugliotta,MIN,38.7,20.6,8.7,4.1,1.6,1.1,0.442,0.258,0.82,6.7,3.2,2,0,1
Kevin Garnett,MIN,38.9,17,8,3.1,1.4,2.1,0.499,0.286,0.754,7.3,3.7,2.9,0,1
Eddie Jones,LAL,37.5,17.2,4.1,3.4,2.4,0.6,0.438,0.391,0.819,9.6,4.5,4,0,1
Chris Gatling,DAL,27.3,19,7.9,0.6,0.8,0.7,0.525,0.167,0.717,3.9,-0.2,-2.6,0,1
Shaquille O'Neal,LAL,38.1,26.2,12.5,3.1,0.9,2.9,0.557,0,0.484,8,4,6.3,1,1
Patrick Ewing,NYK,37,22.4,10.7,2,0.9,2.4,0.488,0.222,0.754,9.8,2.7,1.7,1,1
Anthony Mason,CHH,43.1,16.2,11.4,5.7,1,0.5,0.525,0.333,0.745,11.4,5.2,4.5,1,0
Michael Jordan,CHI,38.8,28.7,5.8,3.5,1.7,0.5,0.465,0.238,0.784,15.8,5.3,4.6,1,1
Grant Hill,DET,40.7,21.1,7.7,6.8,1.8,0.7,0.452,0.143,0.74,10.2,5.6,4.8,1,1
Shawn Kemp,CLE,34.6,18,9.3,2.5,1.4,1.1,0.445,0.25,0.727,6.8,2.5,1.6,0,1
Dikembe Mutombo,ATL,35.6,13.4,11.4,1,0.4,3.4,0.537,0,0.67,10.8,3.3,2.5,1,1
Anfernee Hardaway,ORL,32.9,16.4,4,3.6,1.5,0.8,0.377,0.3,0.763,1.1,0.3,0.2,0,1
Rik Smits,IND,28.6,16.7,6.9,1.4,0.5,1.2,0.495,0,0.783,6.1,1.2,0.3,0,1
Reggie Miller,IND,34.5,19.5,2.9,2.1,1,0.1,0.477,0.429,0.868,12,4.4,4.3,1,1
Jayson Williams,NJN,36,12.9,13.6,1,0.7,0.8,0.498,0,0.666,8.4,2.4,2.1,0,1
Tim Hardaway,MIA,37.4,18.9,3.7,8.3,1.7,0.2,0.431,0.351,0.781,11.7,5.1,4.6,1,1
Glen Rice,CHH,40.2,22.3,4.3,2.2,0.9,0.3,0.457,0.433,0.849,9.3,2.3,0.7,1,1
Steve Smith,ATL,39.1,20.1,4.2,4,1,0.4,0.444,0.351,0.855,10.2,3.7,3.1,0,1
Antoine Walker,BOS,39.9,22.4,10.2,3.3,1.7,0.7,0.423,0.312,0.645,4.7,2.2,0.7,0,1
Gary Payton,SEA,38.4,19.2,4.6,8.3,2.3,0.2,0.453,0.338,0.744,12.5,5.6,5,1,1
Kobe Bryant,LAL,26,15.4,3.1,2.5,0.9,0.5,0.428,0.341,0.794,6.3,1.1,0.2,0,1
Kevin Garnett,MIN,39.3,18.5,9.6,4.2,1.7,1.8,0.491,0.188,0.738,9.6,5.5,4.8,0,1
Shaquille O'Neal,LAL,36.3,28.3,11.4,2.4,0.7,2.4,0.584,0,0.527,10.2,3.6,4.6,1,1
Karl Malone,UTA,37.4,27,10.3,3.9,1.2,0.9,0.53,0.333,0.761,16.4,6.9,7,1,1
Eddie Jones,LAL,36.4,16.9,3.8,3.1,2,0.7,0.484,0.389,0.765,10.1,4.6,4.3,0,1
David Robinson,SAS,33.7,21.6,10.6,2.7,0.9,2.6,0.511,0.25,0.735,13.8,6.1,7.8,1,1
Vin Baker,SEA,35.9,19.2,8,1.9,1.1,1,0.542,0.143,0.591,10.4,3,2,1,1
Nick Van Exel,LAL,32.1,13.8,3,6.9,1,0.1,0.419,0.389,0.791,7.1,1.8,1.4,0,1
Jason Kidd,PHO,38,11.6,6.2,9.1,2,0.3,0.416,0.313,0.799,8,4,3.1,0,1
Mitch Richmond,SAC,36.7,23.2,3.3,4,1.3,0.2,0.445,0.389,0.864,7.9,2.8,2.3,1,1
Tim Duncan,SAS,39.1,21.1,11.9,2.7,0.7,2.5,0.549,0,0.662,12.8,6,5.5,1,1
Rod Strickland,WAS,39.7,17.8,5.3,10.5,1.7,0.3,0.434,0.25,0.726,8.1,3.5,2.6,1,0
Scottie Pippen,CHI,37.5,19.1,5.2,5.8,1.8,1,0.447,0.318,0.777,6.6,3.2,5.8,1,0
Kevin Garnett,MIN,40,22.9,11.8,5,1.5,1.6,0.497,0.37,0.765,11.6,6.6,6.1,1,1
Jason Kidd,PHO,39,14.3,7.2,10.1,2,0.4,0.409,0.337,0.829,8.5,4.1,4.1,1,1
Tim Duncan,SAS,38.9,23.2,12.4,3.2,0.9,2.2,0.49,0.091,0.761,13,5.9,6.1,1,1
Kobe Bryant,LAL,38.2,22.5,6.3,4.9,1.6,0.9,0.468,0.319,0.821,10.6,4.7,5.3,1,1
Shaquille O'Neal,LAL,40,29.7,13.6,3.8,0.5,3,0.574,0,0.524,18.6,9.3,9.7,1,1
Rasheed Wallace,POR,35.1,16.4,7,1.8,1.1,1.3,0.519,0.16,0.704,9.3,2.9,2.1,0,1
Gary Payton,SEA,41.8,24.2,6.5,8.9,1.9,0.2,0.448,0.34,0.735,13.9,7.6,6.8,1,1
Chris Webber,SAC,38.4,24.5,10.5,4.6,1.6,1.7,0.483,0.284,0.751,10.7,5.7,5.9,1,1
John Stockton,UTA,29.7,12.1,2.6,8.6,1.7,0.2,0.501,0.355,0.86,11.2,3.5,3.7,0,1
Michael Finley,DAL,42.2,22.6,6.3,5.3,1.3,0.4,0.457,0.401,0.82,8.3,3.8,2.4,0,1
David Robinson,SAS,32,17.8,9.6,1.8,1.2,2.3,0.512,0,0.726,12.7,4.8,5.5,1,1
Karl Malone,UTA,35.9,25.5,9.5,3.7,1,0.9,0.509,0.25,0.797,15.3,6.6,6.9,1,1
Allen Iverson,PHI,40.8,28.4,3.8,4.7,2.1,0.1,0.421,0.341,0.713,6.9,3.3,2.6,1,1
Vince Carter,TOR,38.1,25.7,5.8,3.9,1.3,1.1,0.465,0.403,0.791,11.8,5.2,4.6,1,1
Alonzo Mourning,MIA,34.8,21.7,9.5,1.6,0.5,3.7,0.551,0,0.711,12.9,4.6,4.6,1,1
Eddie Jones,CHH,39,20.1,4.8,4.2,2.7,0.7,0.427,0.375,0.864,10.1,5.2,5.3,1,1
Grant Hill,DET,37.5,25.8,6.6,5.2,1.4,0.6,0.489,0.347,0.795,10.7,4.7,4.8,1,1
Reggie Miller,IND,36.9,18.1,3,2.3,1,0.3,0.448,0.408,0.919,10.1,4,3.3,0,1
Allan Houston,NYK,38.6,19.7,3.3,2.7,0.8,0.2,0.483,0.436,0.838,8.6,2.8,1.5,0,1
Ray Allen,MIL,37.4,22.1,4.4,3.8,1.3,0.2,0.455,0.423,0.887,10.1,3.9,3,0,1
Glenn Robinson,MIL,35.9,20.9,6,2.4,1,0.5,0.472,0.363,0.802,4.8,0.9,-0.8,0,1
Dikembe Mutombo,ATL,36.4,11.5,14.1,1.3,0.3,3.3,0.562,0,0.708,9.9,3.6,2.8,0,1
Jerry Stackhouse,DET,38.4,23.6,3.8,4.5,1.3,0.4,0.428,0.288,0.815,7.3,2,0.6,0,1
Dale Davis,IND,28.7,10,9.9,0.9,0.7,1.3,0.502,0,0.685,7.1,2,1.6,0,1
Stephon Marbury,NJN,38.9,22.2,3.2,8.4,1.5,0.2,0.432,0.283,0.813,7.4,2.8,1.8,1,0
Allen Iverson,PHI,42,31.1,3.8,4.6,2.5,0.3,0.42,0.32,0.814,11.8,5.1,4.8,1,1
Vince Carter,TOR,39.7,27.6,5.5,3.9,1.5,1.1,0.46,0.408,0.765,12.9,6.8,7,1,1
Tracy McGrady,ORL,40.1,26.8,7.5,4.6,1.5,1.5,0.457,0.355,0.733,12.2,5.9,5.6,1,1
Antonio Davis,TOR,35,13.7,10.1,1.4,0.3,1.9,0.433,0,0.754,7.2,1.3,-0.1,0,1
Anthony Mason,MIA,40.7,16.1,9.6,3.1,1,0.3,0.482,0,0.781,11.6,3.8,2.7,0,1
Dikembe Mutombo,ATL,34.5,10,13.5,1,0.4,2.7,0.484,0,0.725,8.1,2.2,1.4,1,1
Ray Allen,MIL,38.2,22,5.2,4.6,1.5,0.2,0.48,0.433,0.888,13.7,6,5.6,1,1
Stephon Marbury,NJN,38.2,23.9,3.1,7.6,1.2,0.1,0.441,0.328,0.79,7.8,3.7,3.7,0,1
Glenn Robinson,MIL,37,22,6.9,3.3,1.1,0.8,0.468,0.299,0.82,6.7,1.9,0.7,0,1
Latrell Sprewell,NYK,39.2,17.7,4.5,3.5,1.4,0.4,0.43,0.304,0.783,5.1,1.9,0.5,0,1
Jerry Stackhouse,DET,40.2,29.8,3.9,5.1,1.2,0.7,0.402,0.351,0.822,9.2,4.6,3.7,0,1
Allan Houston,NYK,36.6,18.7,3.6,2.2,0.7,0.1,0.449,0.381,0.909,7.5,1.6,0.3,0,1
Kobe Bryant,LAL,40.9,28.5,5.9,5,1.7,0.6,0.464,0.305,0.853,11.3,4.4,4.2,1,1
Jason Kidd,PHO,39.8,16.9,6.4,9.8,2.2,0.3,0.411,0.297,0.814,9.6,5.3,4.8,1,1
Chris Webber,SAC,40.5,27.1,11.1,4.2,1.3,1.7,0.481,0.071,0.703,11,4.9,4.9,1,1
Tim Duncan,SAS,38.7,22.2,12.2,3,0.9,2.3,0.499,0.259,0.618,13.2,5.9,5.4,1,1
Kevin Garnett,MIN,39.5,22,11.4,5,1.4,1.8,0.477,0.288,0.764,11.8,6.2,5.7,1,1
Rasheed Wallace,POR,38.2,19.2,7.8,2.8,1.2,1.8,0.501,0.321,0.766,11,4.5,4.1,0,1
Michael Finley,DAL,42,21.5,5.2,4.4,1.4,0.4,0.458,0.346,0.775,8.5,3.7,2.3,0,1
Gary Payton,SEA,41.1,23.1,4.6,8.1,1.6,0.3,0.456,0.375,0.766,10.8,5.1,4.3,1,1
Antonio McDyess,DEN,36.5,20.8,12.1,2.1,0.6,1.5,0.495,0,0.7,7.8,2,1.1,0,1
David Robinson,SAS,29.6,14.4,8.6,1.5,1,2.5,0.486,0,0.747,12.1,4.5,5.5,1,1
Vlade Divac,SAC,29.9,12,8.3,2.9,1.1,1.1,0.482,0.286,0.691,7.4,2.9,2.8,0,1
Karl Malone,UTA,35.7,23.2,8.3,4.5,1.1,0.8,0.498,0.4,0.793,13.1,5.8,5.9,1,1
Dirk Nowitzki,DAL,38.1,21.8,9.2,2.1,1,1.2,0.474,0.387,0.838,14.6,5.3,4.7,1,0
Shaquille O'Neal,LAL,39.5,28.7,12.7,3.7,0.6,2.8,0.572,0,0.513,14.9,6.8,7.3,1,1
Kobe Bryant,LAL,38.3,25.2,5.5,5.5,1.5,0.4,0.469,0.25,0.829,12.7,5,4.4,1,1
Tim Duncan,SAS,40.6,25.5,12.7,3.7,0.7,2.5,0.508,0.1,0.799,17.8,8.1,7.6,1,1
Kevin Garnett,MIN,39.2,21.2,12.1,5.2,1.2,1.6,0.47,0.319,0.801,12.8,7,6.7,1,1
Chris Webber,SAC,38.4,24.5,10.1,4.8,1.7,1.4,0.495,0.263,0.749,8.6,4.3,6.2,1,1
Steve Francis,HOU,41.1,21.6,7,6.4,1.2,0.4,0.417,0.324,0.773,4.4,2.9,2.9,0,1
Dirk Nowitzki,DAL,38,23.4,9.9,2.4,1.1,1,0.477,0.397,0.853,13.4,4.8,4.7,1,1
Steve Nash,DAL,34.6,17.9,3.1,7.7,0.6,0,0.483,0.455,0.887,9.9,3.1,2.3,1,1
Gary Payton,SEA,40.3,22.1,4.8,9,1.6,0.3,0.467,0.314,0.797,12.6,5.5,4.6,1,1
Elton Brand,LAC,37.8,18.2,11.6,2.4,1,2,0.527,0,0.742,13.6,6.2,6.2,0,1
Peja Stojakovic,SAC,37.3,21.2,5.3,2.5,1.1,0.2,0.484,0.416,0.876,9.9,3.2,2.7,0,1
Wally Szczerbiak,MIN,38,18.7,4.8,3.1,0.8,0.3,0.508,0.455,0.831,8.7,3.1,1.9,0,1
Allen Iverson,PHI,43.7,31.4,4.5,5.5,2.8,0.2,0.398,0.291,0.812,6.9,3.9,3.8,1,1
Michael Jordan,WAS,34.9,22.9,5.7,5.2,1.4,0.4,0.416,0.189,0.79,3.3,2.4,2.5,0,1
Dikembe Mutombo,PHI,36.3,11.5,10.8,1,0.4,2.4,0.501,0,0.764,9.6,2.5,1.3,1,1
Jason Kidd,NJN,37.3,14.7,7.3,9.9,2.1,0.2,0.391,0.321,0.814,8.9,5.4,5.1,1,1
Antoine Walker,BOS,42,22.1,8.8,5,1.5,0.5,0.394,0.344,0.741,6.7,4.3,3,0,1
Ray Allen,MIL,36.6,21.8,4.5,3.9,1.3,0.3,0.462,0.434,0.873,8.9,4,4.3,0,1
Tracy McGrady,ORL,38.3,25.6,7.9,5.3,1.6,1,0.451,0.364,0.748,11.5,5.9,6,1,1
Paul Pierce,BOS,40.3,26.1,6.9,3.2,1.9,1,0.442,0.404,0.809,12.9,5.7,4.9,1,1
Shareef Abdur-Rahim,ATL,38.7,21.2,9,3.1,1.3,1.1,0.461,0.3,0.801,7.2,3,2,0,1
Jermaine O'Neal,IND,37.6,19,10.5,1.6,0.6,2.3,0.479,0.071,0.688,6.4,1.5,0.2,1,1
Alonzo Mourning,MIA,32.7,15.7,8.4,1.2,0.4,2.5,0.516,0.333,0.657,7.4,1.9,1.1,0,1
Baron Davis,CHH,40.5,18.1,4.3,8.5,2.1,0.6,0.417,0.356,0.58,8.2,5.2,4.2,0,1
Ben Wallace,DET,36.5,7.6,13,1.4,1.7,3.5,0.531,0,0.423,11.6,5.9,5.9,1,0
Shaquille O'Neal,LAL,36.1,27.2,10.7,3,0.6,2,0.579,0,0.555,13.2,5.5,7,1,1
Kevin Garnett,MIN,40.5,23,13.4,6,1.4,1.6,0.502,0.282,0.751,15.6,9,8.7,1,1
Tim Duncan,SAS,39.3,23.3,12.9,3.9,0.7,2.9,0.513,0.273,0.71,16.5,7.6,7.4,1,1
Kobe Bryant,LAL,41.5,30,6.9,5.9,2.2,0.8,0.451,0.383,0.843,14.9,7.1,6.4,1,1
Steve Francis,HOU,41,21,6.2,6.2,1.7,0.5,0.435,0.354,0.8,11.1,5.8,4.9,0,1
Yao Ming,HOU,29,13.5,8.2,1.7,0.4,1.8,0.498,0.5,0.811,8.7,2.4,1.9,0,1
Shaquille O'Neal,LAL,37.8,27.5,11.1,3.1,0.6,2.4,0.574,0,0.622,13.2,5.3,6.3,1,1
Shawn Marion,PHO,41.6,21.2,9.5,2.4,2.3,1.2,0.452,0.387,0.851,13,6.4,5.5,0,1
Dirk Nowitzki,DAL,39,25.1,9.9,3,1.4,1,0.463,0.379,0.881,16.1,6.1,5.7,1,1
Steve Nash,DAL,33.1,17.7,2.9,7.3,1,0.1,0.465,0.413,0.909,11.6,3.7,3.3,1,1
Gary Payton,SEA,40.1,20.4,4.2,8.3,1.7,0.3,0.454,0.297,0.71,9.1,4.2,3.2,0,1
Stephon Marbury,PHO,40,22.3,3.2,8.1,1.3,0.2,0.439,0.301,0.803,9.6,3.6,2.4,1,1
Peja Stojakovic,SAC,34,19.2,5.5,2,1,0.1,0.481,0.382,0.875,10.1,3.1,3.1,0,1
Allen Iverson,PHI,42.5,27.6,4.2,5.5,2.7,0.2,0.414,0.277,0.774,9.2,4.2,2.8,1,1
Tracy McGrady,ORL,39.4,32.1,6.5,5.5,1.7,0.8,0.457,0.386,0.793,16.1,8.7,9.7,1,1
Michael Jordan,WAS,37,20,6.1,3.8,1.5,0.5,0.445,0.291,0.821,6.2,2.3,1,0,1
Jermaine O'Neal,IND,37.2,20.8,10.3,2,0.9,2.3,0.484,0.333,0.731,10.5,3.3,2.6,1,1
Ben Wallace,DET,39.4,6.9,15.4,1.6,1.4,3.2,0.481,0.167,0.45,10.6,5.1,5.1,1,1
Jason Kidd,NJN,37.4,18.7,6.3,8.9,2.2,0.3,0.414,0.341,0.841,11.3,6.7,6.9,1,1
Vince Carter,TOR,34.2,20.6,4.4,3.3,1.1,1,0.467,0.344,0.806,4.2,1.7,2.7,0,1
Paul Pierce,BOS,39.2,25.9,7.3,4.4,1.8,0.8,0.416,0.302,0.802,10.1,4.9,4.2,1,1
Brad Miller,IND,31.1,13.1,8.3,2.6,0.9,0.6,0.493,0.313,0.818,9.6,3.3,3.8,0,1
Jamal Mashburn,NOH,40.5,21.6,6.1,5.6,1,0.2,0.422,0.389,0.848,9,3.3,2,1,1
Antoine Walker,BOS,41.5,20.1,7.2,4.8,1.5,0.4,0.388,0.323,0.615,2.6,1.9,0.3,0,1
Zydrunas Ilgauskas,CLE,30,17.2,7.5,1.6,0.7,1.9,0.441,0,0.781,5,0.7,-0.9,0,1
Chris Webber,SAC,39.1,23,10.5,5.4,1.6,1.3,0.461,0.238,0.607,6.9,3.8,3.8,1,1
Kobe Bryant,LAL,37.6,24,5.5,5.1,1.7,0.4,0.438,0.327,0.852,10.7,4.7,5.7,1,1
Kevin Garnett,MIN,39.4,24.2,13.9,5,1.5,2.2,0.499,0.256,0.791,18.3,9.8,9.9,1,1
Tim Duncan,SAS,36.6,22.3,12.4,3.1,0.9,2.7,0.501,0.167,0.599,13.1,5.9,7.3,1,1
Steve Francis,HOU,40.4,16.6,5.5,6.2,1.8,0.4,0.403,0.292,0.775,7.1,3.6,2.5,0,1
Yao Ming,HOU,32.8,17.5,9,1.5,0.3,1.9,0.522,0,0.809,11.4,2.6,1.9,1,1
Ray Allen,SEA,38.4,23,5.1,4.8,1.3,0.2,0.44,0.392,0.904,6.9,3.3,4,0,1
Shaquille O'Neal,LAL,36.8,21.5,11.5,2.9,0.5,2.5,0.584,0,0.49,9.9,4.6,5.4,1,1
Sam Cassell,MIN,35,19.8,3.3,7.3,1.3,0.2,0.488,0.398,0.873,12.1,4.5,4.3,1,1
Peja Stojakovic,SAC,40.3,24.2,6.3,2.1,1.3,0.2,0.48,0.433,0.927,13.5,4.7,3.7,1,1
Dirk Nowitzki,DAL,37.9,21.8,8.7,2.7,1.2,1.4,0.462,0.341,0.877,11.5,4,3.4,1,1
Andrei Kirilenko,UTA,37.1,16.5,8.1,3.1,1.9,2.8,0.443,0.338,0.79,11.6,7.5,8.2,0,1
Brad Miller,SAC,36.4,14.1,10.3,4.3,0.9,1.2,0.51,0.316,0.778,10,4.2,4.3,0,1
Jermaine O'Neal,IND,35.7,20.1,10,2.1,0.8,2.6,0.434,0.111,0.757,9,2.7,1.8,1,1
Allen Iverson,PHI,42.5,26.4,3.7,6.8,2.4,0.1,0.387,0.286,0.745,2.8,2.3,2.5,0,1
Ben Wallace,DET,37.7,9.5,12.4,1.7,1.8,3,0.421,0.125,0.49,10.2,5.5,5.1,1,1
Tracy McGrady,ORL,39.9,28,6,5.5,1.4,0.6,0.417,0.339,0.796,8.4,5.3,5.8,1,1
Vince Carter,TOR,38.2,22.5,4.8,4.8,1.2,0.9,0.417,0.383,0.806,6,3.4,2.9,0,1
Kenyon Martin,NJN,34.6,16.7,9.5,2.5,1.5,1.3,0.488,0.28,0.684,6.7,2.2,1.9,0,1
Jason Kidd,NJN,36.6,15.5,6.4,9.2,1.8,0.2,0.384,0.321,0.827,7.2,4.1,4.5,1,1
Jamaal Magloire,NOH,33.9,13.6,10.3,1,0.5,1.2,0.473,0,0.751,7.6,0.3,-1.6,0,1
Metta World Peace,IND,37.2,18.3,5.3,3.7,2.1,0.7,0.421,0.31,0.733,8,4.2,4.2,1,1
Baron Davis,NOH,40.1,22.9,4.3,7.5,2.4,0.4,0.395,0.321,0.673,7.5,5.2,5.6,1,1
Michael Redd,MIL,36.8,21.7,5,2.3,1,0.1,0.44,0.35,0.868,9.7,3.2,2.2,1,1
Paul Pierce,BOS,38.7,23,6.5,5.1,1.6,0.7,0.402,0.299,0.819,7.1,3.2,2.1,0,1
Allen Iverson,PHI,42.3,30.7,4,7.9,2.4,0.1,0.424,0.308,0.835,9,5,4.3,1,1
LeBron James,CLE,42.4,27.2,7.4,7.2,2.2,0.7,0.472,0.351,0.75,14.3,8.8,8.3,1,1
Shaquille O'Neal,MIA,34.1,22.9,10.4,2.7,0.5,2.3,0.601,0,0.461,11,4.7,5.6,1,1
Vince Carter,NJN,36.7,24.5,5.2,4.2,1.4,0.6,0.452,0.406,0.798,9.4,5.2,5.3,0,1
Grant Hill,ORL,34.9,19.7,4.7,3.3,1.4,0.4,0.509,0.231,0.821,6.6,2.1,1.6,0,1
Dwyane Wade,MIA,38.6,24.1,5.2,6.8,1.6,1.1,0.478,0.289,0.762,11,4.8,4.4,1,1
Jermaine O'Neal,IND,34.8,24.3,8.8,1.9,0.6,2,0.452,0.167,0.754,3.8,0.5,-0.6,0,1
Zydrunas Ilgauskas,CLE,33.5,16.9,8.6,1.3,0.7,2.1,0.468,0.286,0.799,8.1,2,1,0,1
Paul Pierce,BOS,36.1,21.6,6.6,4.2,1.6,0.5,0.455,0.37,0.822,11.2,4.7,4.3,0,1
Gilbert Arenas,WAS,40.9,25.5,4.7,5.1,1.7,0.3,0.431,0.365,0.814,11.5,4.9,4,1,1
Ben Wallace,DET,36.1,9.7,12.2,1.7,1.4,2.4,0.453,0.111,0.428,8.5,3.9,3.8,1,1
Antawn Jamison,WAS,38.3,19.6,7.6,2.3,0.8,0.2,0.437,0.341,0.76,5.4,0.5,-1.2,0,1
Kobe Bryant,LAL,40.7,27.6,5.9,6,1.3,0.8,0.433,0.339,0.816,8.1,4.5,4.6,1,1
Tracy McGrady,HOU,40.8,25.7,6.2,5.7,1.7,0.7,0.431,0.326,0.774,12,7,6.8,1,1
Yao Ming,HOU,30.6,18.3,8.4,0.8,0.4,2,0.552,0,0.783,10.7,2.2,1.6,0,1
Tim Duncan,SAS,33.4,20.3,11.1,2.7,0.7,2.6,0.496,0.333,0.67,11.2,4.7,6.4,1,1
Kevin Garnett,MIN,38.1,22.2,13.5,5.7,1.5,1.4,0.502,0.24,0.811,16.1,9.3,9.7,1,1
Ray Allen,SEA,39.3,23.9,4.4,3.7,1.1,0.1,0.428,0.376,0.883,10.7,4.4,3.7,1,1
Manu Ginobili,SAS,29.6,16,4.4,3.9,1.6,0.4,0.471,0.376,0.803,11,5,7,0,1
Dirk Nowitzki,DAL,38.7,26.1,9.7,3.1,1.2,1.5,0.459,0.399,0.869,15.6,5.9,5.7,1,1
Amar'e Stoudemire,PHO,36.1,26,8.9,1.6,1,1.6,0.559,0.188,0.733,14.6,3.9,3.4,1,1
Steve Nash,PHO,34.3,15.5,3.3,11.5,1,0.1,0.502,0.431,0.887,10.9,2.4,1.7,1,1
Shawn Marion,PHO,38.8,19.4,11.3,1.9,2,1.5,0.476,0.334,0.833,12.5,5.5,4.9,1,1
Rashard Lewis,SEA,38,20.5,5.5,1.3,1.1,0.9,0.462,0.4,0.777,8.4,3.3,2.8,0,1
Dwyane Wade,MIA,38.6,27.2,5.7,6.7,1.9,0.8,0.495,0.171,0.783,14.4,7,7.5,1,1
LeBron James,CLE,42.5,31.4,7,6.6,1.6,0.8,0.48,0.335,0.738,16.3,9.5,9.3,1,1
Allen Iverson,PHI,43.1,33,3.2,7.4,1.9,0.1,0.447,0.323,0.814,10.6,4.3,3.5,1,1
Shaquille O'Neal,MIA,30.6,20,9.2,1.9,0.4,1.8,0.6,0,0.469,6.2,2.1,2.6,1,1
Vince Carter,NJN,36.8,24.2,5.8,4.3,1.2,0.7,0.43,0.341,0.799,9.3,4.7,4.4,0,1
Ben Wallace,DET,35.2,7.3,11.3,1.9,1.8,2.2,0.51,0,0.416,10.1,5.7,5.8,1,1
Rasheed Wallace,DET,34.8,15.1,6.8,2.3,1,1.6,0.43,0.357,0.743,8.9,3.9,3.5,0,1
Chris Bosh,TOR,39.3,22.5,9.2,2.6,0.7,1.1,0.505,0,0.816,9.8,3.1,2.5,0,1
Chauncey Billups,DET,36.1,18.5,3.1,8.6,0.9,0.1,0.418,0.433,0.894,15.5,4.9,4.7,1,1
Paul Pierce,BOS,39,26.8,6.7,4.7,1.4,0.4,0.471,0.354,0.772,11.5,4.9,4.3,0,1
Richard Hamilton,DET,35.3,20.1,3.2,3.4,0.7,0.2,0.491,0.458,0.845,7.6,1.5,0.2,0,1
Gilbert Arenas,WAS,42.3,29.3,3.5,6.1,2,0.3,0.447,0.369,0.82,13.6,6.4,5.5,1,1
Steve Nash,PHO,35.4,18.8,4.2,10.5,0.8,0.2,0.512,0.439,0.921,12.4,4,3.7,1,1
Tracy McGrady,HOU,37.1,24.4,6.5,4.8,1.3,0.9,0.406,0.312,0.747,4.1,3,4.8,0,1
Kobe Bryant,LAL,41,35.4,5.3,4.5,1.8,0.4,0.45,0.347,0.85,15.3,6.5,5.8,1,1
Tim Duncan,SAS,34.8,18.6,11,3.2,0.9,2,0.484,0.4,0.629,10.8,4.6,4.6,1,1
Yao Ming,HOU,34.2,22.3,10.2,1.5,0.5,1.6,0.519,0,0.853,8.6,2.2,2.4,1,1
Tony Parker,SAS,33.9,18.9,3.3,5.8,1,0.1,0.548,0.306,0.707,9.6,3.1,2.6,0,1
Ray Allen,SEA,38.7,25.1,4.3,3.7,1.3,0.2,0.454,0.412,0.903,9.5,4.2,3.6,0,1
Shawn Marion,PHO,40.3,21.8,11.8,1.8,2,1.7,0.525,0.331,0.809,14.6,5.9,5.3,1,1
Elton Brand,LAC,39.2,24.7,10,2.6,1,2.5,0.527,0.333,0.775,14.8,6.5,6.3,1,1
Kevin Garnett,MIN,38.9,21.8,12.7,4.1,1.4,1.4,0.526,0.267,0.81,14.9,7.4,7.9,0,1
Dirk Nowitzki,DAL,38.1,26.6,9,2.8,0.7,1,0.48,0.406,0.901,17.7,6,5.7,1,1
Pau Gasol,MEM,39.2,20.4,8.9,4.6,0.6,1.9,0.503,0.25,0.689,12,5.6,5.1,0,1
Carmelo Anthony,DEN,36.8,26.5,4.9,2.7,1.1,0.5,0.481,0.243,0.808,9.4,2.6,1.5,1,0
Kobe Bryant,LAL,40.8,31.6,5.7,5.4,1.4,0.5,0.463,0.344,0.868,13,5.3,4.7,1,1
Tracy McGrady,HOU,35.8,24.6,5.3,6.5,1.3,0.5,0.431,0.331,0.707,8.6,5.2,6.2,1,1
Dirk Nowitzki,DAL,36.2,24.6,8.9,3.4,0.7,0.8,0.502,0.416,0.904,16.3,6.2,6.7,1,1
Tim Duncan,SAS,34.1,20,10.6,3.4,0.8,2.4,0.546,0.111,0.637,13,6.3,7.1,1,1
Kevin Garnett,MIN,39.4,22.4,12.8,4.1,1.2,1.7,0.476,0.214,0.835,10.7,5.2,5,1,1
Carmelo Anthony,DEN,38.2,28.9,6,3.8,1.2,0.4,0.476,0.268,0.808,7.3,2.5,2,1,1
Tony Parker,SAS,32.5,18.6,3.2,5.5,1.1,0.1,0.52,0.395,0.783,9.6,3,2.7,0,1
Shawn Marion,PHO,37.6,17.5,9.8,1.7,2,1.5,0.524,0.317,0.81,12,5.7,5.5,0,1
Ray Allen,SEA,40.3,26.4,4.5,4.1,1.5,0.2,0.438,0.372,0.903,6.3,3,3.4,0,1
Amar'e Stoudemire,PHO,32.8,20.4,9.6,1,1,1.3,0.575,0,0.781,11.2,2.4,1.6,1,1
Josh Howard,DAL,35.1,18.9,6.8,1.8,1.2,0.8,0.459,0.385,0.827,8.8,3,2.8,0,1
Mehmet Okur,UTA,33.3,17.6,7.2,2,0.5,0.5,0.462,0.384,0.765,8.8,2.7,2,0,1
LeBron James,CLE,40.9,27.3,6.7,6,1.6,0.7,0.476,0.319,0.698,13.7,7.6,7.4,1,1
Dwyane Wade,MIA,37.9,27.4,4.7,7.5,2.1,1.2,0.491,0.266,0.807,8.8,5.1,8.4,1,1
Chris Bosh,TOR,38.5,22.6,10.7,2.5,0.6,1.3,0.496,0.343,0.785,9.6,3.1,2.6,1,1
Gilbert Arenas,WAS,39.8,28.4,4.6,6,1.9,0.2,0.418,0.351,0.844,10.8,5.2,5,1,1
Shaquille O'Neal,MIA,28.4,17.3,7.4,2,0.2,1.4,0.591,0,0.422,2.8,0.8,0.9,0,1
Jermaine O'Neal,IND,35.6,19.4,9.6,2.4,0.7,2.6,0.436,0,0.767,4.7,1.5,0.4,0,1
Dwight Howard,ORL,36.9,17.6,12.3,1.9,0.9,1.9,0.603,0.5,0.586,9.7,4.3,3.6,1,1
Joe Johnson,ATL,41.4,25,4.2,4.4,1.1,0.2,0.471,0.381,0.748,5.1,2.1,1.6,0,1
Chauncey Billups,DET,36.2,17,3.4,7.2,1.2,0.2,0.427,0.345,0.883,11.4,4.1,4.4,1,1
Vince Carter,NJN,38.1,25.2,6,4.8,1,0.4,0.454,0.357,0.802,10.5,4.8,4.1,0,1
Caron Butler,WAS,39.3,19.1,7.4,3.7,2.1,0.3,0.463,0.25,0.863,5.3,2.5,1.9,0,1
Richard Hamilton,DET,36.8,19.8,3.8,3.8,0.8,0.2,0.468,0.341,0.861,8.1,2.2,1.1,0,1
Steve Nash,PHO,35.3,18.6,3.5,11.6,0.8,0.1,0.532,0.455,0.899,12.6,3.9,3.8,1,1
Yao Ming,HOU,33.8,25,9.4,2,0.4,2,0.516,0,0.862,7.4,1.8,2.3,1,1
Dwight Howard,ORL,37.7,20.7,14.2,1.3,0.9,2.1,0.599,0,0.59,12.9,3.3,2.2,1,1
LeBron James,CLE,40.4,30,7.9,7.2,1.8,1.1,0.484,0.315,0.712,15.2,10.1,11.2,1,1
Jason Kidd,NJN,36.3,10.8,7.5,10.1,1.7,0.3,0.385,0.381,0.818,5.9,3.5,2.8,0,1
Dwyane Wade,MIA,38.3,24.6,4.2,6.9,1.7,0.7,0.469,0.286,0.758,3.3,2.5,3,0,1
Chris Bosh,TOR,36.2,22.3,8.7,2.6,0.9,1,0.494,0.4,0.844,10.1,3.5,3.7,0,1
Ray Allen,BOS,35.9,17.4,3.7,3.1,0.9,0.2,0.445,0.398,0.907,9.7,3.4,3.1,0,1
Chauncey Billups,DET,32.3,17,2.7,6.8,1.3,0.2,0.448,0.401,0.918,13.5,5.2,6.1,0,1
Richard Hamilton,DET,33.7,17.3,3.3,4.2,1,0.1,0.484,0.44,0.833,7.7,2.8,2.5,0,1
Rasheed Wallace,DET,30.5,12.7,6.6,1.8,1.2,1.7,0.432,0.356,0.767,7.6,3.6,4,0,1
Joe Johnson,ATL,40.8,21.7,4.5,5.8,1,0.2,0.432,0.381,0.834,7,2.7,1.1,0,1
Paul Pierce,BOS,35.9,19.6,5.1,4.5,1.3,0.5,0.464,0.392,0.843,12.4,4.9,4.7,1,1
Antawn Jamison,WAS,38.7,21.4,10.2,1.5,1.3,0.4,0.436,0.339,0.76,9.2,1.8,0.3,0,1
Tim Duncan,SAS,34,19.3,11.3,2.8,0.7,1.9,0.497,0,0.73,11.1,4.5,4.7,1,1
Carmelo Anthony,DEN,36.4,25.7,7.4,3.4,1.3,0.5,0.492,0.354,0.786,8.2,2.6,1.6,0,1
Allen Iverson,DEN,41.8,26.4,3,7.1,2,0.1,0.458,0.345,0.809,11.6,3.1,1.6,0,1
Yao Ming,HOU,37.2,22,10.8,2.3,0.5,2,0.507,0,0.85,8.3,2.6,2.9,1,1
Kobe Bryant,LAL,38.9,28.3,6.3,5.4,1.8,0.5,0.459,0.361,0.84,13.8,6,5.4,1,1
Brandon Roy,POR,37.7,19.1,4.7,5.8,1.1,0.2,0.454,0.34,0.753,8,3.9,3.5,0,1
Chris Paul,NOH,37.6,21.1,4,11.6,2.7,0.1,0.488,0.369,0.851,17.8,8.5,9.2,1,1
Dirk Nowitzki,DAL,36,23.6,8.6,3.5,0.7,0.9,0.479,0.359,0.879,12.9,5,5.2,1,1
Amar'e Stoudemire,PHO,33.9,25.2,9.1,1.5,0.8,2.1,0.59,0.161,0.805,14.6,4,3.9,1,1
Steve Nash,PHO,34.3,16.9,3.5,11.1,0.7,0.1,0.504,0.47,0.906,10.5,2.6,1.6,1,1
Carlos Boozer,UTA,34.9,21.1,10.4,2.9,1.2,0.5,0.547,0,0.738,10.2,3.7,3.2,1,1
David West,NOH,37.8,20.6,8.9,2.3,0.8,1.3,0.482,0.24,0.85,8.4,2.3,1.1,0,1
Tracy McGrady,HOU,37,21.6,5.1,5.9,1,0.5,0.419,0.292,0.684,5.8,2.7,2.4,1,0
Manu Ginobili,SAS,31.1,19.5,4.8,4.5,1.5,0.4,0.46,0.401,0.86,11.1,5.9,8.1,1,0
Deron Williams,UTA,37.3,18.8,3,10.5,1.1,0.3,0.507,0.395,0.803,11.3,3.2,2.1,1,0
Kevin Garnett,BOS,32.8,18.8,9.2,3.4,1.4,1.3,0.539,0,0.801,12.9,5.5,7.4,1,1
Kobe Bryant,LAL,36.1,26.8,5.2,4.9,1.5,0.5,0.467,0.351,0.856,12.7,4.9,4.5,1,1
Chris Paul,NOH,38.5,22.8,5.5,11,2.8,0.1,0.503,0.364,0.868,18.3,10,11.2,1,1
Amar'e Stoudemire,PHO,36.8,21.4,8.1,2,0.9,1.1,0.539,0.429,0.835,6.1,1.5,1,0,1
Tim Duncan,SAS,33.7,19.3,10.7,3.5,0.5,1.7,0.504,0,0.692,10.1,4.2,4.6,1,1
Yao Ming,HOU,33.6,19.7,9.9,1.8,0.4,1.9,0.548,1,0.866,10.6,3.3,3,1,1
Brandon Roy,POR,37.2,22.6,4.7,5.1,1.1,0.3,0.48,0.377,0.824,13.5,5.7,5.8,1,1
Tony Parker,SAS,34.1,22,3.1,6.9,0.9,0.1,0.506,0.292,0.782,8.6,3.2,3.1,1,1
Chauncey Billups,DEN,35.3,17.7,3,6.4,1.2,0.2,0.418,0.408,0.913,10.1,3.2,2.5,1,1
Pau Gasol,LAL,37,18.9,9.6,3.5,0.6,1,0.567,0.5,0.781,13.9,5.3,5,1,1
David West,NOH,39.2,21,8.5,2.3,0.6,0.9,0.472,0.24,0.884,7.8,1.2,-0.5,0,1
Dirk Nowitzki,DAL,37.7,25.9,8.4,2.4,0.8,0.8,0.479,0.359,0.89,10.9,2.4,1.2,1,1
Shaquille O'Neal,PHO,30,17.8,8.4,1.7,0.7,1.4,0.609,0,0.595,7.8,2.3,2,1,1
Dwight Howard,ORL,35.7,20.6,13.8,1.4,1,2.9,0.572,0,0.594,13.8,4.6,4.4,1,1
LeBron James,CLE,37.7,28.4,7.6,7.2,1.7,1.1,0.489,0.344,0.78,20.3,11.6,13,1,1
Dwyane Wade,MIA,38.6,30.2,5,7.5,2.2,1.3,0.491,0.317,0.765,14.7,9.7,10.7,1,1
Kevin Garnett,BOS,31.1,15.8,8.5,2.5,1.1,1.2,0.531,0.25,0.841,7.1,2.7,4,0,1
Allen Iverson,DET,36.7,17.5,3,5,1.5,0.1,0.417,0.283,0.781,2.9,0.7,-0.7,0,1
Joe Johnson,ATL,39.5,21.4,4.4,5.8,1.1,0.2,0.437,0.36,0.826,7.6,3,1.7,0,1
Rashard Lewis,ORL,36.2,17.7,5.7,2.6,1,0.6,0.439,0.397,0.836,9.5,4.5,4.2,0,1
Paul Pierce,BOS,37.5,20.5,5.6,3.6,1,0.3,0.457,0.391,0.83,10.3,3.4,2.5,1,1
Ray Allen,BOS,36.4,18.2,3.5,2.8,0.9,0.2,0.48,0.409,0.952,11.1,4.3,3.9,0,1
Devin Harris,NJN,36.1,21.3,3.3,6.9,1.7,0.2,0.438,0.291,0.82,7.5,2.8,2.5,0,1
Mo Williams,CLE,35,17.8,3.4,4.1,0.9,0.1,0.467,0.436,0.912,9.8,3.1,2.3,0,1
Danny Granger,IND,36.2,25.8,5.1,2.7,1,1.4,0.447,0.404,0.878,8,3,2.9,0,1
Carmelo Anthony,DEN,34.5,22.8,6.8,3.4,1.1,0.4,0.443,0.371,0.793,5,1.3,0.3,1,0
LeBron James,CLE,39,29.7,7.3,8.6,1.6,1,0.503,0.333,0.767,18.5,10.9,12.5,1,1
Dwyane Wade,MIA,36.3,26.6,4.8,6.5,1.8,1.1,0.476,0.3,0.761,13,8,9.4,1,1
Dwight Howard,ORL,34.7,18.3,13.2,1.8,0.9,2.8,0.612,0,0.592,13.2,5.4,5.5,1,1
Joe Johnson,ATL,38,21.3,4.6,4.9,1.1,0.1,0.458,0.369,0.818,8.4,3,2.2,1,1
Kevin Garnett,BOS,29.9,14.3,7.3,2.7,1,0.8,0.521,0.2,0.837,7.3,2.4,2.6,0,1
Chris Bosh,TOR,36.1,24,10.8,2.4,0.6,1,0.518,0.364,0.797,9.6,2.7,2.3,0,1
Rajon Rondo,BOS,36.6,13.7,4.4,9.8,2.3,0.1,0.508,0.213,0.621,9.6,4.1,3.5,0,1
Gerald Wallace,CHA,41,18.2,10,2.1,1.5,1.1,0.484,0.371,0.776,11.5,4.3,3.5,0,1
Derrick Rose,CHI,36.8,20.8,3.8,6,0.7,0.3,0.489,0.267,0.766,6,1.8,0.5,0,1
Al Horford,ATL,35.1,14.2,9.9,2.3,0.7,1.1,0.551,1,0.789,10.9,3.8,3.3,0,1
David Lee,NYK,37.3,20.2,11.7,3.6,1,0.5,0.545,0,0.812,10.3,3.7,2.9,0,1
Paul Pierce,BOS,34,18.3,4.4,3.1,1.2,0.4,0.472,0.414,0.852,8.3,2.9,2.7,0,1
Carmelo Anthony,DEN,38.2,28.2,6.6,3.2,1.3,0.4,0.458,0.316,0.83,7.9,2.3,1.4,1,1
Dirk Nowitzki,DAL,37.5,25,7.7,2.7,0.9,1,0.481,0.421,0.915,12.3,3.5,2.6,1,1
Steve Nash,PHO,32.8,16.5,3.3,11,0.5,0.1,0.507,0.426,0.938,9.9,2.6,1.8,1,1
Amar'e Stoudemire,PHO,34.6,23.1,8.9,1,0.6,1,0.557,0.167,0.771,10.7,1.6,0.3,1,1
Tim Duncan,SAS,31.3,17.9,10.1,3.2,0.6,1.5,0.518,0.182,0.725,10.9,4.7,5.6,1,1
Deron Williams,UTA,36.9,18.7,4,10.5,1.3,0.2,0.469,0.371,0.801,10.3,3.7,3.3,1,1
Chauncey Billups,DEN,34.1,19.5,3.1,5.6,1.1,0.1,0.418,0.386,0.91,9.5,3.2,3.1,0,1
Pau Gasol,LAL,37,18.3,11.3,3.4,0.6,1.7,0.536,0,0.79,11,4.5,5.4,1,1
Kevin Durant,OKC,39.5,30.1,7.6,2.8,1.4,1,0.476,0.365,0.9,16.1,5.8,5.1,1,1
Zach Randolph,MEM,37.7,20.8,11.7,1.8,1,0.4,0.488,0.288,0.778,9.7,2.2,0.9,0,1
Chris Kaman,LAC,34.3,18.5,9.3,1.6,0.5,1.2,0.49,0,0.749,2.4,-0.8,-3.2,0,1
Jason Kidd,DAL,36,10.3,5.6,9.1,1.8,0.4,0.423,0.425,0.808,8.9,4.6,4.3,0,1
Brandon Roy,POR,37.2,21.5,4.4,4.7,0.9,0.2,0.473,0.33,0.78,9.1,3.7,4.1,1,1
Andrew Bogut,MIL,32.3,15.9,10.2,1.8,0.6,2.5,0.52,0,0.629,7.5,3,3.4,1,0
Kobe Bryant,LAL,38.8,27,5.4,5,1.5,0.3,0.456,0.329,0.811,9.4,4,3.6,1,1
Kevin Durant,OKC,38.9,27.7,6.8,2.7,1.1,1,0.462,0.35,0.88,12,3.7,2.9,1,1
Kobe Bryant,LAL,33.9,25.3,5.1,4.7,1.2,0.1,0.451,0.323,0.828,10.3,4.1,3.8,1,1
Chris Paul,NOH,36,15.9,4.1,9.8,2.4,0.1,0.463,0.388,0.878,13.9,6.1,6.4,1,1
Carmelo Anthony,DEN,35.7,25.6,7.3,2.9,0.9,0.6,0.455,0.378,0.838,7.9,1.8,0.5,0,1
Tim Duncan,SAS,28.4,13.4,8.9,2.7,0.7,1.9,0.5,0,0.716,7.7,3.2,3.8,0,1
Pau Gasol,LAL,37,18.8,10.2,3.3,0.6,1.6,0.529,0.333,0.823,14.7,5.6,5.3,1,1
Manu Ginobili,SAS,30.3,17.4,3.7,4.9,1.5,0.4,0.433,0.349,0.871,9.9,4.5,5.3,1,1
Deron Williams,UTA,37.9,20.1,4,10.3,1.2,0.2,0.439,0.331,0.845,7.3,3,2.8,0,1
Blake Griffin,LAC,38,22.5,12.1,3.8,0.8,0.5,0.506,0.292,0.642,9.8,4,3.2,0,1
Dirk Nowitzki,DAL,34.3,23,7,2.6,0.5,0.6,0.517,0.393,0.892,11.1,3.7,3.8,1,1
Russell Westbrook,OKC,34.7,21.9,4.6,8.2,1.9,0.4,0.442,0.33,0.842,9.4,5,5,1,1
Kevin Love,MIN,35.8,20.2,15.2,2.5,0.6,0.4,0.47,0.417,0.85,11.4,3.8,3.7,0,1
LeBron James,MIA,38.8,26.7,7.5,7,1.6,0.6,0.51,0.33,0.759,15.6,8.2,8.6,1,1
Derrick Rose,CHI,37.4,25,4.1,7.7,1,0.6,0.445,0.332,0.858,13.1,6,5.9,1,1
Amar'e Stoudemire,NYK,36.8,25.3,8.2,2.6,0.9,1.9,0.502,0.435,0.792,8,1.9,0.7,1,1
Dwight Howard,ORL,37.6,22.9,14.1,1.4,1.4,2.4,0.593,0,0.596,14.4,5,4.8,1,1
Dwyane Wade,MIA,37.1,25.5,6.4,4.6,1.5,1.1,0.5,0.306,0.758,12.8,5.7,5.9,1,1
Chris Bosh,MIA,36.3,18.7,8.3,1.9,0.8,0.6,0.496,0.24,0.815,10.3,1.7,0.4,0,1
Rajon Rondo,BOS,37.2,10.6,4.4,11.2,2.3,0.2,0.475,0.233,0.568,6.6,2.5,2,0,1
Joe Johnson,ATL,35.5,18.2,4,4.7,0.7,0.1,0.443,0.297,0.802,4.2,1.2,-0.2,0,1
Ray Allen,BOS,36.1,16.5,3.4,2.7,1,0.2,0.491,0.444,0.881,10,4.1,3.6,0,1
Paul Pierce,BOS,34.7,18.9,5.4,3.3,1,0.6,0.497,0.374,0.86,11.6,4.7,4.7,0,1
Al Horford,ATL,35.1,15.3,9.3,3.5,0.8,1,0.557,0.5,0.798,10.1,4.4,4.4,1,1
Kevin Garnett,BOS,31.3,14.9,8.9,2.4,1.3,0.8,0.528,0.2,0.862,9,3.4,4,0,1
Zach Randolph,MEM,36.3,20.1,12.2,2.2,0.8,0.3,0.503,0.186,0.758,10.5,3.1,2.5,1,0
LaMarcus Aldridge,POR,39.6,21.8,8.8,2.1,1,1.2,0.5,0.174,0.791,11.1,3.5,2.4,1,0
Kevin Durant,OKC,38.6,28,8,3.5,1.3,1.2,0.496,0.387,0.86,15.15757576,5.715151515,5.2,1,1
Kobe Bryant,LAL,38.5,27.9,5.4,4.6,1.2,0.3,0.43,0.303,0.845,7.703030303,2.981818182,2.3,1,1
Blake Griffin,LAC,36.2,20.7,10.9,3.2,0.8,0.7,0.549,0.125,0.521,11.43030303,4.596969697,4.1,1,1
Chris Paul,LAC,36.4,19.8,3.6,9.1,2.5,0.1,0.478,0.371,0.861,15.77878788,6.709090909,7.9,1,1
Andrew Bynum,LAL,35.2,18.7,11.8,1.4,0.5,1.9,0.558,0.2,0.692,9.939393939,2.484848485,1.8,1,1
Russell Westbrook,OKC,35.3,23.6,4.6,5.5,1.7,0.3,0.457,0.316,0.823,9.815151515,3.727272727,3.2,1,1
Kevin Love,MIN,39,26,13.3,2,0.9,0.5,0.448,0.372,0.824,12.42424242,4.348484848,4.5,1,1
Dirk Nowitzki,DAL,33.5,21.6,6.7,2.2,0.7,0.5,0.457,0.368,0.896,9.442424242,2.484848485,1.8,1,1
Marc Gasol,MEM,36.5,14.6,8.9,3.1,1,1.9,0.482,0.083,0.748,10.18787879,4.348484848,3.9,0,1
Tony Parker,SAS,32.1,18.3,2.9,7.7,1,0.1,0.48,0.23,0.799,8.821212121,2.236363636,1.7,1,1
LaMarcus Aldridge,POR,36.3,21.7,8,2.4,0.9,0.8,0.512,0.182,0.814,8.696969697,2.733333333,2.4,0,1
Steve Nash,PHO,31.6,12.5,3,10.7,0.6,0.1,0.532,0.39,0.894,7.33030303,0.86969697,-0.5,0,1
Dwyane Wade,MIA,33.2,22.1,4.8,4.6,1.7,1.3,0.497,0.268,0.791,9.566666667,4.224242424,6.3,1,1
LeBron James,MIA,37.5,27.1,7.9,6.2,1.9,0.8,0.531,0.362,0.771,18.01515152,9.442424242,11,1,1
Dwight Howard,ORL,38.3,20.6,14.5,1.9,1.5,2.1,0.573,0,0.491,9.566666667,3.727272727,3.8,1,1
Carmelo Anthony,NYK,34.1,22.6,6.3,3.6,1.1,0.4,0.43,0.335,0.804,7.703030303,2.857575758,2.9,1,1
Derrick Rose,CHI,35.3,21.8,3.4,7.9,0.9,0.7,0.435,0.312,0.812,7.454545455,2.981818182,4.9,0,1
Chris Bosh,MIA,35.2,18,7.9,1.8,0.9,0.8,0.487,0.286,0.821,8.572727273,1.242424242,0,0,1
Deron Williams,NJN,36.3,21,3.3,8.7,1.2,0.4,0.407,0.336,0.843,5.093939394,2.609090909,2.1,0,1
Rajon Rondo,BOS,36.9,11.9,4.8,11.7,1.8,0.1,0.448,0.238,0.597,6.087878788,1.987878788,1.3,1,1
Andre Iguodala,PHI,35.6,12.4,6.1,5.5,1.7,0.5,0.454,0.394,0.617,9.06969697,4.472727273,4.4,0,1
Paul Pierce,BOS,34,19.4,5.2,4.5,1.1,0.4,0.443,0.366,0.852,8.696969697,4.224242424,4.4,0,1
Roy Hibbert,IND,29.8,12.8,8.8,1.7,0.5,2,0.497,0,0.711,7.703030303,2.981818182,3,0,1
Luol Deng,CHI,39.4,15.3,6.5,2.9,1,0.7,0.412,0.367,0.77,7.206060606,2.733333333,2.1,0,1
Tyson Chandler,NYK,33.2,11.3,9.9,0.9,0.9,1.4,0.679,0,0.689,11.8030303,3.975757576,4.1,1,0
Kevin Durant,OKC,38.5,28.1,7.9,4.6,1.4,1.3,0.51,0.416,0.905,18.9,7.6,7.7,1,1
Kobe Bryant,LAL,38.6,27.3,5.6,6,1.4,0.3,0.463,0.324,0.839,10.9,5.1,4.7,1,1
Blake Griffin,LAC,32.5,18,8.3,3.7,1.2,0.6,0.538,0.179,0.66,10.6,4.5,4.8,1,1
Chris Paul,LAC,33.4,16.9,3.7,9.7,2.4,0.1,0.481,0.328,0.885,13.9,5.6,7.5,1,1
Dwight Howard,LAL,35.8,17.1,12.4,1.4,1.1,2.4,0.578,0.167,0.492,7.6,2.3,1.3,1,1
James Harden,HOU,38.3,25.9,4.9,5.8,1.8,0.5,0.438,0.368,0.851,12.8,5.7,5.5,1,1
Tony Parker,SAS,32.9,20.3,3,7.6,0.8,0.1,0.522,0.353,0.845,9.3,2.6,2.7,1,1
Russell Westbrook,OKC,34.9,23.2,5.2,7.4,1.8,0.3,0.438,0.323,0.8,11.6,5.1,5,1,1
David Lee,GSW,36.8,18.5,11.2,3.5,0.8,0.3,0.519,0,0.797,9.1,3.3,2.5,1,1
Zach Randolph,MEM,34.3,15.4,11.2,1.4,0.8,0.4,0.46,0.087,0.75,7.9,1.4,0.2,0,1
LaMarcus Aldridge,POR,37.7,21.1,9.1,2.6,0.8,1.2,0.484,0.143,0.81,7.2,2,0.8,0,1
Tim Duncan,SAS,30.1,17.8,9.9,2.7,0.7,2.7,0.502,0.286,0.817,8.3,3.2,4.1,1,1
Carmelo Anthony,NYK,37,28.7,6.9,2.6,0.8,0.5,0.449,0.379,0.83,9.5,2.8,2.4,1,1
LeBron James,MIA,37.9,26.8,8,7.3,1.7,0.9,0.565,0.406,0.753,19.3,9.8,11.6,1,1
Dwyane Wade,MIA,34.7,21.2,5,5.1,1.9,0.8,0.521,0.258,0.725,9.6,3.5,3.9,1,1
Chris Bosh,MIA,33.2,16.6,6.8,1.7,0.9,1.4,0.535,0.284,0.798,9,2,1.2,0,1
Kevin Garnett,BOS,29.7,14.8,7.8,2.3,1.1,0.9,0.496,0.125,0.786,5.6,1.5,1,0,1
Kyrie Irving,CLE,34.7,22.5,3.7,5.9,1.5,0.4,0.452,0.391,0.855,5.3,2.8,3.3,0,1
Paul George,IND,37.6,17.4,7.6,4.1,1.8,0.6,0.419,0.362,0.807,9,5,4.7,1,1
Luol Deng,CHI,38.7,16.5,6.3,3,1.1,0.4,0.426,0.322,0.816,6.3,2.2,1.1,0,1
Tyson Chandler,NYK,32.8,10.4,10.7,0.9,0.6,1.1,0.638,0,0.694,9.3,3,3.5,0,1
Joakim Noah,CHI,36.8,11.9,11.1,4,1.2,2.1,0.481,0,0.751,7.3,4.4,5.2,0,1
Jrue Holiday,PHI,37.5,17.7,4.2,8,1.6,0.4,0.431,0.368,0.752,3.3,1.9,0.6,0,1
Brook Lopez,BRK,30.4,19.4,6.9,0.9,0.4,2.1,0.521,0,0.758,9,1.9,1.4,0,1
Marc Gasol,MEM,35,14.1,7.8,4,1,1.7,0.494,0.071,0.848,11.5,5.7,6.1,1,0
Kyrie Irving,CLE,35.2,20.8,3.6,6.1,1.5,0.3,0.43,0.358,0.861,6.7,3.3,3.2,0,1
LeBron James,MIA,37.7,27.1,6.9,6.3,1.6,0.3,0.567,0.379,0.75,15.9,8,8.9,1,1
Paul George,IND,36.2,21.7,6.8,3.5,1.9,0.3,0.424,0.364,0.864,10.8,4.9,4.7,1,1
Carmelo Anthony,NYK,38.7,27.4,8.1,3.1,1.2,0.7,0.452,0.402,0.848,10.7,4.2,3.6,0,1
Dwyane Wade,MIA,32.9,19,4.5,4.7,1.5,0.5,0.545,0.281,0.733,5.5,1.9,2.3,0,1
Joakim Noah,CHI,35.3,12.6,11.3,5.4,1.2,1.5,0.475,0,0.737,11.2,6.1,6.6,1,1
John Wall,WAS,36.3,19.3,4.1,8.8,1.8,0.5,0.433,0.351,0.805,7.9,3.4,2.6,0,1
DeMar DeRozan,TOR,38.2,22.7,4.3,4,1.1,0.4,0.429,0.305,0.824,8.8,2,0.7,0,1
Paul Millsap,ATL,33.5,17.9,8.5,3.1,1.7,1.1,0.461,0.358,0.731,6.7,3.2,3.1,0,1
Roy Hibbert,IND,29.7,10.8,6.6,1.1,0.4,2.2,0.439,0.4,0.77,5.4,1.1,-0.2,0,1
Chris Bosh,MIA,32,16.2,6.6,1.1,1,1,0.516,0.339,0.82,8,1.6,0.5,0,1
Joe Johnson,BRK,32.6,15.8,3.4,2.7,0.6,0.1,0.454,0.401,0.815,4.9,1.2,-0.1,0,1
Kevin Durant,OKC,38.5,32,7.4,5.5,1.3,0.7,0.503,0.391,0.873,19.2,8.5,8.8,1,1
Kevin Love,MIN,36.3,26.1,12.5,4.4,0.8,0.5,0.457,0.376,0.821,14.3,7.3,8.4,1,1
Blake Griffin,LAC,35.8,24.1,9.5,3.9,1.2,0.6,0.528,0.273,0.715,12.2,4.8,4.6,1,1
Stephen Curry,GSW,36.5,24,4.3,8.5,1.6,0.2,0.471,0.424,0.885,13.4,6.7,7.4,1,1
James Harden,HOU,38,25.4,4.7,6.1,1.6,0.4,0.456,0.366,0.866,12.8,5.4,5.7,1,1
Chris Paul,LAC,35,19.1,4.3,10.7,2.5,0.1,0.467,0.368,0.855,12.2,5.2,7.4,1,1
Dwight Howard,HOU,33.7,18.3,12.2,1.8,0.8,1.8,0.591,0.286,0.547,8,2.4,1.9,1,1
LaMarcus Aldridge,POR,36.2,23.2,11.1,2.6,0.9,1,0.458,0.2,0.822,7.5,1.5,0.3,1,1
Tony Parker,SAS,29.4,16.7,2.3,5.7,0.5,0.1,0.499,0.373,0.811,5.9,0.8,-0.5,1,1
Anthony Davis,NOP,35.2,20.8,10,1.6,1.3,2.8,0.519,0.222,0.791,10.4,3.9,4.5,0,1
Damian Lillard,POR,35.8,20.7,3.5,5.6,0.8,0.3,0.424,0.394,0.871,9.6,3.5,2.7,1,1
Dirk Nowitzki,DAL,32.9,21.7,6.2,2.7,0.9,0.6,0.497,0.398,0.899,10.9,3.5,3.3,0,1
Goran Dragic,PHO,35.1,20.3,3.2,5.9,1.4,0.3,0.505,0.408,0.76,10.3,4,3.9,1,0
Al Jefferson,CHA,35,21.8,10.8,2.1,0.9,1.1,0.509,0.2,0.69,7.8,2.5,1.8,1,0
James Harden,HOU,36.8,27.4,5.7,7,1.9,0.7,0.44,0.375,0.868,16.4,7.8,8.4,1,1
Stephen Curry,GSW,32.7,23.8,4.3,7.7,2,0.2,0.487,0.443,0.914,15.7,7.9,9.9,1,1
Marc Gasol,MEM,33.2,17.4,7.8,3.8,0.9,1.6,0.494,0.176,0.795,10.2,4.6,4.8,1,1
Klay Thompson,GSW,31.9,21.7,3.2,2.9,1.1,0.8,0.463,0.439,0.879,8.8,2.9,2.7,1,1
LaMarcus Aldridge,POR,35.4,23.4,10.2,1.7,0.7,1,0.466,0.352,0.845,8.6,1.4,0.3,1,1
Chris Paul,LAC,34.8,19.1,4.6,10.2,1.9,0.2,0.485,0.398,0.9,16.1,6.9,7.5,1,1
Russell Westbrook,OKC,34.4,28.1,7.3,8.6,2.1,0.2,0.426,0.299,0.835,10.6,7.6,11,1,1
DeMarcus Cousins,SAC,34.1,24.1,12.7,3.6,1.5,1.7,0.467,0.25,0.782,6,3.4,4.7,1,1
Damian Lillard,POR,35.7,21,4.6,6.2,1.2,0.3,0.434,0.343,0.864,10.6,5.2,5.1,0,1
Tim Duncan,SAS,28.9,13.9,9.1,3,0.8,2,0.512,0.286,0.74,9.6,4.2,5.5,1,1
Dirk Nowitzki,DAL,29.6,17.3,5.9,1.9,0.5,0.4,0.459,0.38,0.882,7.2,1.5,0.7,0,1
Kevin Durant,OKC,33.8,25.4,6.6,4.1,0.9,0.9,0.51,0.403,0.854,4.8,1.9,6.1,0,1
LeBron James,CLE,36.1,25.3,6,7.4,1.6,0.7,0.488,0.354,0.71,10.4,5.9,7.4,1,1
Carmelo Anthony,NYK,35.7,24.2,6.6,3.1,1,0.4,0.444,0.341,0.797,2.9,1.2,1.4,0,1
John Wall,WAS,35.9,17.6,4.6,10,1.7,0.6,0.445,0.3,0.785,7.8,3.9,3.5,0,1
Pau Gasol,CHI,34.4,18.5,11.8,2.7,0.3,1.9,0.494,0.462,0.803,10.4,3.2,2.8,1,1
Kyle Lowry,TOR,34.5,17.8,4.7,6.8,1.6,0.2,0.412,0.338,0.808,7.1,3.4,3.6,0,1
Kyrie Irving,CLE,36.4,21.7,3.2,5.2,1.5,0.3,0.468,0.415,0.863,10.4,3.7,3.3,1,1
Kyle Korver,ATL,32.2,12.1,4.1,2.6,0.7,0.6,0.487,0.492,0.898,7.5,3.3,3.3,0,1
Paul Millsap,ATL,32.7,16.7,7.8,3.1,1.8,0.9,0.476,0.356,0.757,8.3,3.7,4.2,0,1
Al Horford,ATL,30.5,15.2,7.2,3.2,0.9,1.3,0.538,0.306,0.759,8.7,3.4,3.8,0,1
Jeff Teague,ATL,30.5,15.9,2.5,7,1.7,0.4,0.46,0.343,0.862,7.7,2.1,1.8,0,1
Chris Bosh,MIA,35.4,21.1,7,2.2,0.9,0.6,0.46,0.375,0.772,3.6,0.8,-0.1,0,1
Jimmy Butler,CHI,38.7,20,5.8,3.3,1.8,0.6,0.462,0.378,0.834,11.2,4.2,4.7,0,1
DeAndre Jordan,LAC,34.4,11.5,15,0.7,1,2.2,0.71,0.25,0.397,12.8,4.3,4.1,1,0
Anthony Davis,NOP,36.1,24.4,10.2,2.2,1.5,2.9,0.535,0.083,0.805,14,5.7,7.1,1,1
Blake Griffin,LAC,35.2,21.9,7.6,5.3,0.9,0.5,0.502,0.4,0.728,9,3.6,4.1,1,1
Stephen Curry,GSW,34.2,30.1,5.4,6.7,2.1,0.2,0.504,0.454,0.908,17.9,9.8,12.5,1,1
Kobe Bryant,LAL,28.2,17.6,3.7,2.8,0.9,0.2,0.358,0.285,0.826,-0.4,-0.2,-2.5,0,1
Kawhi Leonard,SAS,33.1,21.2,6.8,2.6,1.8,1,0.506,0.443,0.874,13.7,6.2,8.3,1,1
Kevin Durant,OKC,35.8,28.2,8.2,5,1,1.2,0.505,0.387,0.898,14.5,6.4,7.9,1,1
Russell Westbrook,OKC,34.4,23.5,7.8,10.4,2,0.3,0.454,0.296,0.812,14,8.3,10,1,1
James Harden,HOU,38.1,29,6.1,7.5,1.7,0.6,0.439,0.359,0.86,13.3,6.9,6.7,0,1
Klay Thompson,GSW,33.3,22.1,3.8,2.1,0.8,0.6,0.47,0.425,0.873,8,1.8,0.7,1,1
Chris Paul,LAC,32.7,19.5,4.2,10,2.1,0.2,0.462,0.371,0.896,12.7,6,7.8,1,1
Anthony Davis,NOP,35.5,24.3,10.3,1.9,1.3,2,0.493,0.324,0.758,7.2,2.3,2.2,0,1
LaMarcus Aldridge,SAS,30.6,18,8.5,1.5,0.5,1.1,0.513,0,0.858,10.1,2.2,1.8,1,1
Draymond Green,GSW,34.7,14,9.5,7.4,1.5,1.4,0.49,0.388,0.696,11.1,5.5,5.8,1,1
DeMarcus Cousins,SAC,34.6,26.9,11.5,3.3,1.6,1.4,0.451,0.333,0.718,5.7,2.6,2.6,1,1
Kyle Lowry,TOR,37,21.2,4.7,6.4,2.1,0.4,0.427,0.388,0.811,11.6,6.3,6.8,1,1
Paul George,IND,34.8,23.1,7,4.1,1.9,0.4,0.418,0.371,0.86,9.2,4.6,4.5,1,1
Carmelo Anthony,NYK,35.1,21.8,7.7,4.2,0.9,0.5,0.434,0.339,0.829,6.4,2.9,2.6,0,1
Dwyane Wade,MIA,30.5,19,4.1,4.6,1.1,0.6,0.456,0.159,0.793,4.9,1.6,0.8,0,1
LeBron James,CLE,35.6,25.3,7.4,6.8,1.4,0.6,0.52,0.309,0.731,13.6,7.6,9.1,1,1
John Wall,WAS,36.2,19.9,4.9,10.2,1.9,0.8,0.424,0.351,0.791,5.7,3.7,3.2,0,1
Paul Millsap,ATL,32.7,17.1,9,3.3,1.8,1.7,0.47,0.319,0.757,10.1,4.9,5.3,0,1
Isaiah Thomas,BOS,32.2,22.2,3,6.2,1.1,0.1,0.428,0.359,0.871,9.7,3.3,3,0,1
DeMar DeRozan,TOR,35.9,23.5,4.5,4,1,0.3,0.446,0.338,0.85,9.9,2.4,1.4,0,1
Andre Drummond,DET,32.9,16.2,14.8,0.8,1.5,1.4,0.521,0.333,0.355,7.4,1,-0.5,1,1
Pau Gasol,CHI,31.8,16.5,11,4.1,0.6,2,0.469,0.348,0.792,7.1,3.5,4,0,1
Al Horford,ATL,32.1,15.2,7.3,3.2,0.8,1.5,0.505,0.344,0.798,9.4,4.1,4.1,0,1
DeAndre Jordan,LAC,33.7,12.7,13.8,1.2,0.7,2.3,0.703,0,0.43,11.5,3.5,3.4,1,0
Damian Lillard,POR,35.7,25.1,4,6.8,0.9,0.4,0.419,0.375,0.892,9.2,3.8,3.7,1,0
Anthony Davis,NOP,36.3,28,11.9,2.1,1.3,2.2,0.506,0.305,0.804,11.3,4,3.9,1,1
James Harden,HOU,36.5,29.2,8.1,11.2,1.5,0.5,0.44,0.345,0.85,14.4,8.5,10,1,1
Stephen Curry,GSW,33.5,25.3,4.5,6.6,1.8,0.2,0.468,0.408,0.901,12.3,6,7.3,1,1
Kevin Durant,GSW,33.6,25.3,8.2,4.8,1.1,1.6,0.537,0.378,0.876,11.4,5,8.1,1,1
Kawhi Leonard,SAS,33.6,25.7,5.9,3.6,1.8,0.8,0.483,0.374,0.88,13.3,6,7.9,1,1
Marc Gasol,MEM,34.5,19.8,6.2,4.6,0.9,1.3,0.46,0.385,0.832,7.5,3.9,4.3,0,1
Russell Westbrook,OKC,34.7,31.8,10.7,10.4,1.7,0.4,0.426,0.347,0.841,12.8,12,15.6,1,1
Klay Thompson,GSW,34.2,22.5,3.7,2.1,0.8,0.5,0.471,0.417,0.85,6.9,1.5,0.3,0,1
Gordon Hayward,UTA,34.6,21.8,5.5,3.5,1,0.3,0.465,0.393,0.845,9.9,3.7,4.1,0,1
Draymond Green,GSW,32.8,10.2,8,7.1,2.1,1.4,0.418,0.304,0.706,8,4.5,5.3,1,1
DeAndre Jordan,LAC,31.7,12.6,13.7,1.2,0.6,1.7,0.712,0,0.487,11.1,3.6,3.7,1,1
DeMarcus Cousins,SAC,34.2,27,11.1,4.6,1.4,1.3,0.452,0.361,0.772,7.8,5.4,6.7,0,1
DeMar DeRozan,TOR,35.5,27,5.3,4,1.1,0.2,0.465,0.268,0.841,8.6,1.8,0.8,1,1
Giannis Antetokounmpo,MIL,35.5,23.1,8.7,5.4,1.7,1.9,0.523,0.278,0.772,12.1,6.7,7.8,1,1
Kyrie Irving,CLE,35,25,3.2,5.8,1.2,0.4,0.47,0.395,0.906,8.6,2.8,2.5,0,1
LeBron James,CLE,37.6,26.3,8.6,8.7,1.2,0.6,0.545,0.362,0.674,12.5,7.1,8.4,1,1
Jimmy Butler,CHI,37.1,23.9,6.1,5.5,1.9,0.4,0.455,0.357,0.861,12.8,5.9,6.8,1,1
Paul George,IND,35.8,23.3,6.5,3.3,1.5,0.4,0.453,0.392,0.902,6.1,2.8,2.4,0,1
John Wall,WAS,36.4,23.2,4.2,10.7,2.1,0.6,0.452,0.318,0.807,8.8,4.3,4.2,1,1
Kemba Walker,CHO,34.7,23.2,3.9,5.5,1.1,0.3,0.444,0.402,0.844,8,3.8,3.6,0,1
Carmelo Anthony,NYK,34.5,22.5,5.9,2.9,0.8,0.5,0.434,0.36,0.833,4.6,0.8,-0.7,0,1
Isaiah Thomas,BOS,34,29.1,2.6,5.9,0.9,0.1,0.463,0.38,0.911,12.1,4.5,5.3,1,1
Kyle Lowry,TOR,37.8,22.8,4.8,6.9,1.5,0.3,0.465,0.416,0.829,9.9,4.8,6.7,0,1
Paul Millsap,ATL,34.2,18,7.7,3.7,1.3,0.9,0.44,0.312,0.762,6.1,2.6,2.7,0,1
Rudy Gobert,UTA,34.1,14,12.9,1.2,0.6,2.7,0.663,0,0.652,13.9,5.4,6.1,1,0
LeBron James,CLE,36.9,27.5,8.6,9.1,1.4,0.9,0.542,0.367,0.731,14,8.9,9.6,1,1
Kevin Durant,GSW,34.2,26.4,6.8,5.4,0.7,1.8,0.516,0.419,0.889,10.4,4.5,5.6,1,1
Russell Westbrook,OKC,36.4,25.4,10.1,10.3,1.8,0.3,0.449,0.298,0.737,10.1,7.5,8.2,1,1
Kyrie Irving,BOS,32.2,24.4,3.8,5.1,1.1,0.3,0.491,0.408,0.889,8.9,4,6.2,0,1
Anthony Davis,NOP,36.4,28.1,11.1,2.3,1.5,2.6,0.534,0.34,0.828,13.7,4.9,5.2,1,1
Paul George,OKC,36.6,21.9,5.7,3.3,2,0.5,0.43,0.401,0.822,8.9,3.3,2.6,1,1
Andre Drummond,DET,33.7,15,16,3,1.5,1.6,0.529,0,0.605,10.3,5,5.5,0,1
Bradley Beal,WAS,36.3,22.6,4.4,4.5,1.2,0.4,0.46,0.375,0.791,6.9,2.7,1.7,0,1
Victor Oladipo,IND,34,23.1,5.2,4.3,2.4,0.8,0.477,0.371,0.799,8.2,4.5,4.9,1,1
Kemba Walker,CHO,34.2,22.1,3.1,5.6,1.1,0.3,0.431,0.384,0.864,8.6,3.6,3.2,0,1
Goran Dragic,MIA,31.7,17.3,4.1,4.8,0.8,0.2,0.45,0.37,0.801,5.3,1.2,-0.1,0,1
LaMarcus Aldridge,SAS,33.5,23.1,8.5,2,0.6,1.2,0.51,0.293,0.837,10.9,3.3,3.3,1,1
James Harden,HOU,35.4,30.4,5.4,8.8,1.8,0.7,0.449,0.367,0.858,15.4,8.3,10.9,1,1
DeMar DeRozan,TOR,33.9,23,3.9,5.2,1.1,0.3,0.456,0.31,0.825,9.6,2.6,1.8,1,1
Stephen Curry,GSW,32,26.4,5.1,6.1,1.6,0.2,0.495,0.423,0.921,9.1,4.4,8.6,1,1
Giannis Antetokounmpo,MIL,36.7,26.9,10,4.8,1.5,1.4,0.529,0.307,0.76,11.9,5.4,5.8,1,1
Joel Embiid,PHI,30.3,22.9,11,3.2,0.6,1.8,0.483,0.308,0.769,6.2,2.2,2.6,1,1
Kyle Lowry,TOR,32.2,16.2,5.6,6.9,1.1,0.2,0.427,0.399,0.854,10.2,5,5.9,0,1
Klay Thompson,GSW,34.3,20,3.8,2.5,0.8,0.5,0.488,0.44,0.837,4.9,0.9,-0.6,0,1
Damian Lillard,POR,36.6,26.9,4.5,6.6,1.1,0.4,0.439,0.361,0.916,12.6,5.9,6.7,1,1
Draymond Green,GSW,32.7,11,7.6,7.3,1.4,1.3,0.454,0.301,0.775,6.1,3,3.2,0,1
Karl-Anthony Towns,MIN,35.6,21.3,12.3,2.4,0.8,1.4,0.545,0.421,0.858,14,5.5,5.5,1,1
Al Horford,BOS,31.6,12.9,7.4,4.7,0.6,1.1,0.489,0.429,0.783,7.8,3.5,4,0,1
Jimmy Butler,MIN,36.7,22.2,5.3,4.9,2,0.4,0.474,0.35,0.854,8.9,3.8,5,1,0
